"ID","TCODE","SCREENS_ID","SELECTION","HIDEFLG","SEQNO","ROWPOS","COLPOS","PARAGRAPH","WIDTH","TYPE","DATAPRECISION","DATASCALE","INDISP","SUBINDISP","EDITABLE","MAXVALUE","MINVALUE","EDOPTSIZE","EDOPTMAXLENGTH","RUBYCODE","EDOPTMULTIPLE","EDOPTROW","EDOPTCOLS","EDOPTVALUE","TBLKEY","SUMKEY","CRTFIELD","EXPIREDATE","REMARK","PERSONS_ID_UPD","UPDATE_IP","CREATED_AT","UPDATED_AT"
1099,"screenfield_seqno",27,1,0,30,9,1,0,132,"number",4,0,0,0,1,0,0,22,22,,0,0,0,,,,,2099/12/31,"auto_crt",0,"fe80::442f:5ae8:6e40:d61e%13",2013/07/05 3:17:00,2013/07/05 3:24:01
1100,"screenfield_rowpos",27,1,0,40,10,1,0,132,"number",4,0,0,0,1,0,0,22,22,,0,0,0,,,,,2099/12/31,"auto_crt",0,"fe80::442f:5ae8:6e40:d61e%13",2013/07/05 3:17:00,2013/07/05 3:25:51
1101,"screenfield_colpos",27,1,0,50,10,2,0,132,"number",4,0,0,0,1,0,0,22,22,,0,0,0,,,,,2099/12/31,"auto_crt",0,"fe80::442f:5ae8:6e40:d61e%13",2013/07/05 3:17:00,2013/07/05 22:21:37
1147,"fieldcode_ftype",61,1,0,20,2,1,0,90,"select",0,0,0,0,1,0,0,15,15,,0,0,0,"[[],[:varchar2,""varchar2""],[:date,""date""],[""timestamp(6)"",""timestamp(6)""],[:number,""number""],[:char,""char""]]",,,,2099/12/31,"auto_crt",0,"fe80::442f:5ae8:6e40:d61e%13",2013/07/05 3:18:52,2013/07/05 22:46:21
1170,"screenfield_width",27,1,0,888,9,2,0,132,"number",4,0,0,0,1,0,0,22,22,,0,0,0,,,,,2099/12/31,"auto_crt",0,"fe80::442f:5ae8:6e40:d61e%13",2013/07/05 3:29:45,2013/07/05 22:16:16
1171,"screenfield_type",27,1,0,60,5,1,0,72,"varchar2",0,0,0,0,1,0,0,12,12,,0,0,0,,,,,2099/12/31,"edittype: defines the type of of the editable field. Possible values: 'text', 'textarea', 'select', 'checkbox'. The default value is 'text'.
è¨ï∂éö",0,"fe80::442f:5ae8:6e40:d61e%13",2013/07/05 3:29:45,2013/07/07 23:32:44
1201,"fieldcode_expiredate",61,1,0,100,10,1,0,60,"date",0,0,0,0,1,0,0,10,7,,0,0,0,,,,,2099/12/31,"auto_crt",0,"fe80::442f:5ae8:6e40:d61e%13",2013/07/05 22:41:24,2013/07/05 22:46:42
1217,"fieldcode_fieldlength",61,1,0,30,4,1,0,132,"number",4,0,0,0,1,0,0,22,22,,0,0,0,,,,,2099/12/31,"auto_crt",0,"fe80::442f:5ae8:6e40:d61e%13",2013/07/05 22:41:24,2013/07/05 22:47:52
1218,"fieldcode_datapresion",61,1,0,60,5,2,0,132,"number",2,0,0,0,1,0,0,22,22,,0,0,0,,,,,2099/12/31,"auto_crt",0,"fe80::442f:5ae8:6e40:d61e%13",2013/07/05 22:41:24,2013/07/05 22:48:17
1219,"fieldcode_datascale",61,1,0,50,5,1,0,132,"number",2,0,0,0,1,0,0,22,22,,0,0,0,,,,,2099/12/31,"auto_crt",0,"fe80::442f:5ae8:6e40:d61e%13",2013/07/05 22:41:24,2013/07/05 22:47:32
1220,"fieldcode_contens",61,1,0,888,20,1,0,200,"textarea",0,0,0,0,1,0,0,200,200,,0,2,80,,,,,2099/12/31,"auto_crt",0,"fe80::442f:5ae8:6e40:d61e%13",2013/07/05 22:41:24,2013/07/05 22:49:53
1221,"fieldcode_remark",61,1,0,888,21,1,0,300,"textarea",0,0,0,0,1,0,0,200,200,,0,2,80,,,,,2099/12/31,"auto_crt",0,"fe80::442f:5ae8:6e40:d61e%13",2013/07/05 22:41:24,2013/07/05 22:50:33
1222,"fieldcode_rubycode",61,1,0,888,22,1,0,200,"textarea",0,0,0,0,1,0,0,4000,4000,,0,10,80,,,,,2099/12/31,"auto_crt",0,"fe80::442f:5ae8:6e40:d61e%13",2013/07/05 22:41:24,2013/07/05 22:50:45
1285,"pobject_objecttype",22,1,0,30,1,2,0,20,"select",0,0,0,0,1,0,0,10,10,,0,0,0,"[[:tbl_field,'table_field'],[:view_field,'view_field'],[:screen,'SCREEN'],[:report,'REPORTS'],[:tbl,'TABLE'],[:view,'view'],[:submit,'SUBMIT'],[:fix_char,'FIX_CHAR'],[:err_msg,'MSG']]",,,,2099/12/31,"auto_crt",0,"fe80::442f:5ae8:6e40:d61e%13",2013/07/06 9:59:50,2013/07/13 15:11:52
1291,"usergroup_code",22,1,0,999,0,0,0,180,"varchar2",0,0,1,0,1,0,0,30,30,,0,0,0,,,,,2099/12/31,"auto_crt",0,"fe80::442f:5ae8:6e40:d61e%13",2013/07/06 9:59:50,2013/07/07 17:08:50
1292,"usergroup_name",22,1,0,999,0,0,0,120,"varchar2",0,0,1,0,1,0,0,20,20,,0,0,0,,,,,2099/12/31,"auto_crt",0,"fe80::442f:5ae8:6e40:d61e%13",2013/07/06 9:59:50,2013/07/07 17:12:53
1294,"pobjgrp_name",22,1,0,20,2,1,0,120,"varchar2",0,0,1,0,1,0,0,30,30,,0,0,0,,,,,2099/12/31,"auto_crt",0,"fe80::442f:5ae8:6e40:d61e%13",2013/07/06 9:59:50,2013/07/07 17:10:32
1381,"itm_material",17,1,0,888,12,1,0,300,"varchar2",0,0,0,0,1,0,0,50,50,,0,0,0,,,,,2099/12/31,"auto_crt",0,"fe80::442f:5ae8:6e40:d61e%13",2013/07/06 17:22:08,2013/07/11 0:53:43
1382,"itm_design",17,1,0,888,2,1,,300,"varchar2",,,0,,1,,,50,50,,,,,,,,,2099/12/31,"auto_crt",0,"fe80::442f:5ae8:6e40:d61e%13",2013/07/06 17:22:08,2013/07/06 17:22:08
1383,"itm_weight",17,1,0,888,3,1,,132,"number",10,6,0,,1,,,22,22,,,,,,,,,2099/12/31,"auto_crt",0,"fe80::442f:5ae8:6e40:d61e%13",2013/07/06 17:22:08,2013/07/06 17:22:08
1384,"itm_length",17,1,0,888,4,1,,132,"number",10,6,0,,1,,,22,22,,,,,,,,,2099/12/31,"auto_crt",0,"fe80::442f:5ae8:6e40:d61e%13",2013/07/06 17:22:08,2013/07/06 17:22:08
1385,"itm_wide",17,1,0,888,5,1,,132,"number",10,6,0,,1,,,22,22,,,,,,,,,2099/12/31,"auto_crt",0,"fe80::442f:5ae8:6e40:d61e%13",2013/07/06 17:22:08,2013/07/06 17:22:08
1386,"itm_deth",17,1,0,888,6,1,,132,"number",10,6,0,,1,,,22,22,,,,,,,,,2099/12/31,"auto_crt",0,"fe80::442f:5ae8:6e40:d61e%13",2013/07/06 17:22:08,2013/07/06 17:22:08
1387,"itm_packqty",17,1,0,888,7,1,,132,"number",10,0,0,,1,,,22,22,,,,,,,,,2099/12/31,"auto_crt",0,"fe80::442f:5ae8:6e40:d61e%13",2013/07/06 17:22:08,2013/07/06 17:22:08
1388,"itm_minqty",17,1,0,888,8,1,,132,"number",10,6,0,,1,,,22,22,,,,,,,,,2099/12/31,"auto_crt",0,"fe80::442f:5ae8:6e40:d61e%13",2013/07/06 17:22:08,2013/07/06 17:22:08
1389,"itm_remark",17,1,0,888,9,1,,300,"varchar2",,,0,,1,,,100,100,,,,,,,,,2099/12/31,"auto_crt",0,"fe80::442f:5ae8:6e40:d61e%13",2013/07/06 17:22:08,2013/07/06 17:22:08
1390,"itm_expiredate",17,1,0,888,10,1,,60,"date",,,0,,1,,,10,7,,,,,,,,,2099/12/31,"auto_crt",0,"fe80::442f:5ae8:6e40:d61e%13",2013/07/06 17:22:08,2013/07/06 17:22:08
1391,"itm_person_id_upd",17,1,1,999,,,,60,"number",38,0,0,,0,,,22,22,,,,,,,,,2099/12/31,"auto_crt",0,"fe80::442f:5ae8:6e40:d61e%13",2013/07/06 17:22:08,2013/07/06 17:22:08
1392,"person_code_upd",17,1,0,999,,,,60,"varchar2",,,0,,,,,10,10,,,,,,,,,2099/12/31,"auto_crt",0,"fe80::442f:5ae8:6e40:d61e%13",2013/07/06 17:22:08,2013/07/06 17:22:08
1393,"person_name_upd",17,1,0,999,,,,60,"varchar2",,,0,,,,,50,50,,,,,,,,,2099/12/31,"auto_crt",0,"fe80::442f:5ae8:6e40:d61e%13",2013/07/06 17:22:08,2013/07/06 17:22:08
1394,"person_email_upd",17,1,0,999,,,,60,"varchar2",,,0,,,,,50,50,,,,,,,,,2099/12/31,"auto_crt",0,"fe80::442f:5ae8:6e40:d61e%13",2013/07/06 17:22:08,2013/07/06 17:22:08
1395,"person_remark_upd",17,1,0,999,,,,60,"varchar2",,,0,,,,,100,100,,,,,,,,,2099/12/31,"auto_crt",0,"fe80::442f:5ae8:6e40:d61e%13",2013/07/06 17:22:08,2013/07/06 17:22:08
1396,"usergroup_code_upd",17,1,0,999,,,,60,"varchar2",,,0,,,,,30,30,,,,,,,,,2099/12/31,"auto_crt",0,"fe80::442f:5ae8:6e40:d61e%13",2013/07/06 17:22:08,2013/07/06 17:22:08
1397,"usergroup_name_upd",17,1,0,999,,,,60,"varchar2",,,0,,,,,20,20,,,,,,,,,2099/12/31,"auto_crt",0,"fe80::442f:5ae8:6e40:d61e%13",2013/07/06 17:22:08,2013/07/06 17:22:08
1398,"itm_update_ip",17,1,0,999,,,,60,"varchar2",,,0,,0,,,40,40,,,,,,,,,2099/12/31,"auto_crt",0,"fe80::442f:5ae8:6e40:d61e%13",2013/07/06 17:22:08,2013/07/06 17:22:08
1399,"itm_created_at",17,1,0,999,,,,60,"date",,,0,,0,,,10,7,,,,,,,,,2099/12/31,"auto_crt",0,"fe80::442f:5ae8:6e40:d61e%13",2013/07/06 17:22:08,2013/07/06 17:22:08
1400,"itm_updated_at",17,1,0,999,,,,60,"date",,,0,,0,,,10,7,,,,,,,,,2099/12/31,"auto_crt",0,"fe80::442f:5ae8:6e40:d61e%13",2013/07/06 17:22:08,2013/07/06 17:22:08
1401,"itm_model",17,1,0,888,11,1,,300,"varchar2",,,0,,1,,,50,50,,,,,,,,,2099/12/31,"auto_crt",0,"fe80::442f:5ae8:6e40:d61e%13",2013/07/06 17:22:08,2013/07/06 17:22:08
1402,"id",17,1,1,999,,,,132,"number",38,0,0,,,,,22,22,,,,,,,,,2099/12/31,"auto_crt",0,"fe80::442f:5ae8:6e40:d61e%13",2013/07/06 17:22:08,2013/07/06 17:22:08
1403,"itm_id",17,1,1,999,,,,132,"number",38,0,0,,0,,,22,22,,,,,,,,,2099/12/31,"auto_crt",0,"fe80::442f:5ae8:6e40:d61e%13",2013/07/06 17:22:08,2013/07/06 17:22:08
1404,"itm_code",17,1,0,10,1,2,0,240,"varchar2",0,0,1,0,1,0,0,40,40,,0,0,0,,,,,2099/12/31,"auto_crt",0,"fe80::442f:5ae8:6e40:d61e%13",2013/07/06 17:22:08,2013/07/11 0:54:15
1405,"itm_name",17,1,0,20,1,2,0,300,"varchar2",0,0,1,0,1,0,0,50,50,,0,0,0,,,,,2099/12/31,"auto_crt",0,"fe80::442f:5ae8:6e40:d61e%13",2013/07/06 17:22:08,2013/07/11 0:54:51
1406,"itm_itmtype",17,1,0,888,13,1,,6,"char",,,0,,1,,,1,1,,,,,,,,,2099/12/31,"auto_crt",0,"fe80::442f:5ae8:6e40:d61e%13",2013/07/06 17:22:08,2013/07/06 17:22:08
1407,"itm_consumtype",17,1,0,888,14,1,,6,"char",,,0,,1,,,1,1,,,,,,,,,2099/12/31,"auto_crt",0,"fe80::442f:5ae8:6e40:d61e%13",2013/07/06 17:22:08,2013/07/06 17:22:08
1408,"itm_unit_id",17,1,1,999,,,,132,"number",38,0,0,,0,,,22,22,,,,,,,,,2099/12/31,"auto_crt",0,"fe80::442f:5ae8:6e40:d61e%13",2013/07/06 17:22:08,2013/07/06 17:22:08
1409,"unit_code",17,1,0,999,15,1,,18,"varchar2",,,1,,1,,,3,3,,,,,,,,,2099/12/31,"auto_crt",0,"fe80::442f:5ae8:6e40:d61e%13",2013/07/06 17:22:08,2013/07/06 17:22:08
1410,"unit_name",17,1,0,999,15,2,,60,"varchar2",,,1,,1,,,10,10,,,,,,,,,2099/12/31,"auto_crt",0,"fe80::442f:5ae8:6e40:d61e%13",2013/07/06 17:22:08,2013/07/06 17:22:08
1411,"unit_remark",17,1,0,999,,,,300,"varchar2",,,0,,,,,100,100,,,,,,,,,2099/12/31,"auto_crt",0,"fe80::442f:5ae8:6e40:d61e%13",2013/07/06 17:22:08,2013/07/06 17:22:08
1412,"itm_std",17,1,0,888,16,1,,300,"varchar2",,,0,,1,,,50,50,,,,,,,,,2099/12/31,"auto_crt",0,"fe80::442f:5ae8:6e40:d61e%13",2013/07/06 17:22:08,2013/07/06 17:22:08
1413,"person_email_upd",18,1,0,999,,,,60,"varchar2",,,0,,,,,50,50,,,,,,,,,2099/12/31,"auto_crt",0,"fe80::442f:5ae8:6e40:d61e%13",2013/07/06 21:02:19,2013/07/06 21:02:19
1414,"person_remark_upd",18,1,0,999,,,,60,"varchar2",,,0,,,,,100,100,,,,,,,,,2099/12/31,"auto_crt",0,"fe80::442f:5ae8:6e40:d61e%13",2013/07/06 21:02:19,2013/07/06 21:02:19
1415,"usergroup_code_upd",18,1,0,999,,,,60,"varchar2",,,0,,,,,30,30,,,,,,,,,2099/12/31,"auto_crt",0,"fe80::442f:5ae8:6e40:d61e%13",2013/07/06 21:02:19,2013/07/06 21:02:19
1416,"usergroup_name_upd",18,1,0,999,,,,60,"varchar2",,,0,,,,,20,20,,,,,,,,,2099/12/31,"auto_crt",0,"fe80::442f:5ae8:6e40:d61e%13",2013/07/06 21:02:19,2013/07/06 21:02:19
1417,"loca_update_ip",18,1,0,999,,,,60,"varchar2",,,0,,0,,,40,40,,,,,,,,,2099/12/31,"auto_crt",0,"fe80::442f:5ae8:6e40:d61e%13",2013/07/06 21:02:19,2013/07/06 21:02:19
1418,"loca_created_at",18,1,0,999,,,,60,"date",,,0,,0,,,10,7,,,,,,,,,2099/12/31,"auto_crt",0,"fe80::442f:5ae8:6e40:d61e%13",2013/07/06 21:02:19,2013/07/06 21:02:19
1419,"loca_updated_at",18,1,0,999,,,,60,"date",,,0,,0,,,10,7,,,,,,,,,2099/12/31,"auto_crt",0,"fe80::442f:5ae8:6e40:d61e%13",2013/07/06 21:02:19,2013/07/06 21:02:19
1420,"id",18,1,1,999,,,,132,"number",38,0,0,,,,,22,22,,,,,,,,,2099/12/31,"auto_crt",0,"fe80::442f:5ae8:6e40:d61e%13",2013/07/06 21:02:19,2013/07/06 21:02:19
1421,"loca_id",18,1,1,999,,,,132,"number",38,0,0,,0,,,22,22,,,,,,,,,2099/12/31,"auto_crt",0,"fe80::442f:5ae8:6e40:d61e%13",2013/07/06 21:02:19,2013/07/06 21:02:19
1422,"loca_code",18,1,0,888,1,1,,240,"varchar2",,,1,,1,,,40,40,,,,,,,,,2099/12/31,"auto_crt",0,"fe80::442f:5ae8:6e40:d61e%13",2013/07/06 21:02:19,2013/07/06 21:02:19
1423,"loca_name",18,1,0,888,1,2,,300,"varchar2",,,1,,1,,,100,100,,,,,,,,,2099/12/31,"auto_crt",0,"fe80::442f:5ae8:6e40:d61e%13",2013/07/06 21:02:19,2013/07/06 21:02:19
1424,"loca_abbr",18,1,0,888,2,1,,300,"varchar2",,,0,,1,,,50,50,,,,,,,,,2099/12/31,"auto_crt",0,"fe80::442f:5ae8:6e40:d61e%13",2013/07/06 21:02:19,2013/07/06 21:02:19
1425,"loca_zip",18,1,0,888,3,1,,60,"varchar2",,,0,,1,,,10,10,,,,,,,,,2099/12/31,"auto_crt",0,"fe80::442f:5ae8:6e40:d61e%13",2013/07/06 21:02:19,2013/07/06 21:02:19
1426,"loca_country",18,1,0,888,4,1,,120,"varchar2",,,0,,1,,,20,20,,,,,,,,,2099/12/31,"auto_crt",0,"fe80::442f:5ae8:6e40:d61e%13",2013/07/06 21:02:19,2013/07/06 21:02:19
1427,"loca_prfct",18,1,0,888,5,1,,120,"varchar2",,,0,,1,,,20,20,,,,,,,,,2099/12/31,"auto_crt",0,"fe80::442f:5ae8:6e40:d61e%13",2013/07/06 21:02:19,2013/07/06 21:02:19
1428,"loca_addr1",18,1,0,888,6,1,,300,"varchar2",,,0,,1,,,50,50,,,,,,,,,2099/12/31,"auto_crt",0,"fe80::442f:5ae8:6e40:d61e%13",2013/07/06 21:02:19,2013/07/06 21:02:19
1429,"loca_addr2",18,1,0,888,7,1,,300,"varchar2",,,0,,1,,,50,50,,,,,,,,,2099/12/31,"auto_crt",0,"fe80::442f:5ae8:6e40:d61e%13",2013/07/06 21:02:19,2013/07/06 21:02:19
1430,"loca_tel",18,1,0,888,8,1,,120,"varchar2",,,0,,1,,,20,20,,,,,,,,,2099/12/31,"auto_crt",0,"fe80::442f:5ae8:6e40:d61e%13",2013/07/06 21:02:19,2013/07/06 21:02:19
1431,"loca_fax",18,1,0,888,9,1,,120,"varchar2",,,0,,1,,,20,20,,,,,,,,,2099/12/31,"auto_crt",0,"fe80::442f:5ae8:6e40:d61e%13",2013/07/06 21:02:19,2013/07/06 21:02:19
1432,"loca_mail",18,1,0,888,10,1,,120,"varchar2",,,0,,1,,,20,20,,,,,,,,,2099/12/31,"auto_crt",0,"fe80::442f:5ae8:6e40:d61e%13",2013/07/06 21:02:19,2013/07/06 21:02:19
1433,"loca_remark",18,1,0,888,11,1,,300,"varchar2",,,0,,1,,,100,100,,,,,,,,,2099/12/31,"auto_crt",0,"fe80::442f:5ae8:6e40:d61e%13",2013/07/06 21:02:19,2013/07/06 21:02:19
1434,"loca_expiredate",18,1,0,888,12,1,,60,"date",,,0,,1,,,10,7,,,,,,,,,2099/12/31,"auto_crt",0,"fe80::442f:5ae8:6e40:d61e%13",2013/07/06 21:02:19,2013/07/06 21:02:19
1435,"loca_person_id_upd",18,1,1,999,,,,60,"number",38,0,0,,0,,,22,22,,,,,,,,,2099/12/31,"auto_crt",0,"fe80::442f:5ae8:6e40:d61e%13",2013/07/06 21:02:19,2013/07/06 21:02:19
1436,"person_code_upd",18,1,0,999,,,,60,"varchar2",,,0,,,,,10,10,,,,,,,,,2099/12/31,"auto_crt",0,"fe80::442f:5ae8:6e40:d61e%13",2013/07/06 21:02:19,2013/07/06 21:02:19
1437,"person_name_upd",18,1,0,999,,,,60,"varchar2",,,0,,,,,50,50,,,,,,,,,2099/12/31,"auto_crt",0,"fe80::442f:5ae8:6e40:d61e%13",2013/07/06 21:02:19,2013/07/06 21:02:19
1629,"itm_design",9,1,0,999,,,,300,"varchar2",,,0,,,,,50,50,,,,,,,,,2099/12/31,"auto_crt",0,"fe80::442f:5ae8:6e40:d61e%13",2013/07/11 0:59:26,2013/07/11 0:59:26
1630,"itm_weight",9,1,0,999,,,,132,"number",10,6,0,,,,,22,22,,,,,,,,,2099/12/31,"auto_crt",0,"fe80::442f:5ae8:6e40:d61e%13",2013/07/11 0:59:26,2013/07/11 0:59:26
1631,"itm_length",9,1,0,999,,,,132,"number",10,6,0,,,,,22,22,,,,,,,,,2099/12/31,"auto_crt",0,"fe80::442f:5ae8:6e40:d61e%13",2013/07/11 0:59:26,2013/07/11 0:59:26
1632,"itm_deth",9,1,0,999,,,,132,"number",10,6,0,,,,,22,22,,,,,,,,,2099/12/31,"auto_crt",0,"fe80::442f:5ae8:6e40:d61e%13",2013/07/11 0:59:26,2013/07/11 0:59:26
1633,"itm_packqty",9,1,0,999,,,,132,"number",10,0,0,,,,,22,22,,,,,,,,,2099/12/31,"auto_crt",0,"fe80::442f:5ae8:6e40:d61e%13",2013/07/11 0:59:26,2013/07/11 0:59:26
1634,"itm_minqty",9,1,0,999,,,,132,"number",10,6,0,,,,,22,22,,,,,,,,,2099/12/31,"auto_crt",0,"fe80::442f:5ae8:6e40:d61e%13",2013/07/11 0:59:26,2013/07/11 0:59:26
1635,"itm_remark",9,1,0,999,,,,300,"varchar2",,,0,,,,,100,100,,,,,,,,,2099/12/31,"auto_crt",0,"fe80::442f:5ae8:6e40:d61e%13",2013/07/11 0:59:26,2013/07/11 0:59:26
1636,"custord_person_id_chrg",9,1,1,999,,,,132,"number",38,0,0,,0,,,22,22,,,,,,,,,2099/12/31,"auto_crt",0,"fe80::442f:5ae8:6e40:d61e%13",2013/07/11 0:59:26,2013/07/11 0:59:26
1637,"person_code_chrg",9,1,0,999,1,1,,60,"varchar2",,,1,,1,,,10,10,,,,,,,,,2099/12/31,"auto_crt",0,"fe80::442f:5ae8:6e40:d61e%13",2013/07/11 0:59:26,2013/07/11 0:59:26
1638,"person_name_chrg",9,1,0,999,1,2,,300,"varchar2",,,1,,1,,,50,50,,,,,,,,,2099/12/31,"auto_crt",0,"fe80::442f:5ae8:6e40:d61e%13",2013/07/11 0:59:26,2013/07/11 0:59:26
1639,"person_email_chrg",9,1,0,999,,,,300,"varchar2",,,0,,,,,50,50,,,,,,,,,2099/12/31,"auto_crt",0,"fe80::442f:5ae8:6e40:d61e%13",2013/07/11 0:59:26,2013/07/11 0:59:26
1640,"person_remark_chrg",9,1,0,999,,,,300,"varchar2",,,0,,,,,100,100,,,,,,,,,2099/12/31,"auto_crt",0,"fe80::442f:5ae8:6e40:d61e%13",2013/07/11 0:59:26,2013/07/11 0:59:26
1641,"usergroup_code_chrg",9,1,0,999,,,,180,"varchar2",,,0,,,,,30,30,,,,,,,,,2099/12/31,"auto_crt",0,"fe80::442f:5ae8:6e40:d61e%13",2013/07/11 0:59:26,2013/07/11 0:59:26
1642,"usergroup_name_chrg",9,1,0,999,,,,120,"varchar2",,,0,,,,,20,20,,,,,,,,,2099/12/31,"auto_crt",0,"fe80::442f:5ae8:6e40:d61e%13",2013/07/11 0:59:26,2013/07/11 0:59:26
1643,"custord_duedate",9,1,0,888,2,1,,66,"timestamp",,6,0,,1,,,11,11,,,,,,,,,2099/12/31,"auto_crt",0,"fe80::442f:5ae8:6e40:d61e%13",2013/07/11 0:59:26,2013/07/11 0:59:26
1644,"custord_toduedate",9,1,0,888,3,1,,66,"timestamp",,6,0,,1,,,11,11,,,,,,,,,2099/12/31,"auto_crt",0,"fe80::442f:5ae8:6e40:d61e%13",2013/07/11 0:59:26,2013/07/11 0:59:26
1645,"custord_isudate",9,1,0,888,4,1,,66,"timestamp",,6,0,,1,,,11,11,,,,,,,,,2099/12/31,"auto_crt",0,"fe80::442f:5ae8:6e40:d61e%13",2013/07/11 0:59:26,2013/07/11 0:59:26
1646,"custord_qty",9,1,0,888,5,1,,132,"number",16,4,0,,1,,,22,22,,,,,,,,,2099/12/31,"auto_crt",0,"fe80::442f:5ae8:6e40:d61e%13",2013/07/11 0:59:26,2013/07/11 0:59:26
1647,"custord_price",9,1,0,888,6,1,,132,"number",16,4,0,,1,,,22,22,,,,,,,,,2099/12/31,"auto_crt",0,"fe80::442f:5ae8:6e40:d61e%13",2013/07/11 0:59:26,2013/07/11 0:59:26
1648,"custord_amt",9,1,0,888,7,1,,132,"number",16,4,0,,1,,,22,22,,,,,,,,,2099/12/31,"auto_crt",0,"fe80::442f:5ae8:6e40:d61e%13",2013/07/11 0:59:26,2013/07/11 0:59:26
1649,"custord_orderno",9,1,0,888,8,1,,240,"varchar2",,,0,,1,,,40,40,,,,,,,,,2099/12/31,"auto_crt",0,"fe80::442f:5ae8:6e40:d61e%13",2013/07/11 0:59:26,2013/07/11 0:59:26
1650,"custord_sno",9,1,0,888,9,1,,240,"varchar2",,,0,,1,,,40,40,,,,,,,,,2099/12/31,"auto_crt",0,"fe80::442f:5ae8:6e40:d61e%13",2013/07/11 0:59:26,2013/07/11 0:59:26
1651,"custord_lineno",9,1,0,888,10,1,,132,"number",4,0,0,,1,,,22,22,,,,,,,,,2099/12/31,"auto_crt",0,"fe80::442f:5ae8:6e40:d61e%13",2013/07/11 0:59:26,2013/07/11 0:59:26
1652,"custord_infomation",9,1,0,888,11,1,,300,"textarea",,,0,,1,,,2000,2000,,,10,80,,,,,2099/12/31,"auto_crt",0,"fe80::442f:5ae8:6e40:d61e%13",2013/07/11 0:59:26,2013/07/11 0:59:26
1653,"custord_remark",9,1,0,888,12,1,,300,"textarea",,,0,,1,,,200,200,,,2,80,,,,,2099/12/31,"auto_crt",0,"fe80::442f:5ae8:6e40:d61e%13",2013/07/11 0:59:26,2013/07/11 0:59:26
1654,"custord_expiredate",9,1,0,888,13,1,,60,"date",,,0,,1,,,10,7,,,,,,,,,2099/12/31,"auto_crt",0,"fe80::442f:5ae8:6e40:d61e%13",2013/07/11 0:59:26,2013/07/11 0:59:26
1655,"custord_person_id_upd",9,1,1,999,,,,60,"number",38,0,0,,0,,,22,22,,,,,,,,,2099/12/31,"auto_crt",0,"fe80::442f:5ae8:6e40:d61e%13",2013/07/11 0:59:26,2013/07/11 0:59:26
1656,"person_code_upd",9,1,0,999,,,,60,"varchar2",,,0,,,,,10,10,,,,,,,,,2099/12/31,"auto_crt",0,"fe80::442f:5ae8:6e40:d61e%13",2013/07/11 0:59:26,2013/07/11 0:59:26
1657,"person_name_upd",9,1,0,999,,,,60,"varchar2",,,0,,,,,50,50,,,,,,,,,2099/12/31,"auto_crt",0,"fe80::442f:5ae8:6e40:d61e%13",2013/07/11 0:59:26,2013/07/11 0:59:26
1658,"person_email_upd",9,1,0,999,,,,60,"varchar2",,,0,,,,,50,50,,,,,,,,,2099/12/31,"auto_crt",0,"fe80::442f:5ae8:6e40:d61e%13",2013/07/11 0:59:26,2013/07/11 0:59:26
1659,"person_remark_upd",9,1,0,999,,,,60,"varchar2",,,0,,,,,100,100,,,,,,,,,2099/12/31,"auto_crt",0,"fe80::442f:5ae8:6e40:d61e%13",2013/07/11 0:59:26,2013/07/11 0:59:26
1660,"usergroup_code_upd",9,1,0,999,,,,60,"varchar2",,,0,,,,,30,30,,,,,,,,,2099/12/31,"auto_crt",0,"fe80::442f:5ae8:6e40:d61e%13",2013/07/11 0:59:26,2013/07/11 0:59:26
1661,"usergroup_name_upd",9,1,0,999,,,,60,"varchar2",,,0,,,,,20,20,,,,,,,,,2099/12/31,"auto_crt",0,"fe80::442f:5ae8:6e40:d61e%13",2013/07/11 0:59:26,2013/07/11 0:59:26
1662,"custord_update_ip",9,1,0,999,,,,60,"varchar2",,,0,,0,,,40,40,,,,,,,,,2099/12/31,"auto_crt",0,"fe80::442f:5ae8:6e40:d61e%13",2013/07/11 0:59:26,2013/07/11 0:59:26
1663,"custord_created_at",9,1,0,999,,,,66,"timestamp",,6,0,,0,,,11,11,,,,,,,,,2099/12/31,"auto_crt",0,"fe80::442f:5ae8:6e40:d61e%13",2013/07/11 0:59:26,2013/07/11 0:59:26
1664,"custord_updated_at",9,1,0,999,,,,66,"timestamp",,6,0,,0,,,11,11,,,,,,,,,2099/12/31,"auto_crt",0,"fe80::442f:5ae8:6e40:d61e%13",2013/07/11 0:59:26,2013/07/11 0:59:26
1665,"id",9,1,1,999,,,,132,"number",38,0,0,,,,,22,22,,,,,,,,,2099/12/31,"auto_crt",0,"fe80::442f:5ae8:6e40:d61e%13",2013/07/11 0:59:26,2013/07/11 0:59:26
1666,"custord_id",9,1,1,999,,,,132,"number",38,0,0,,0,,,22,22,,,,,,,,,2099/12/31,"auto_crt",0,"fe80::442f:5ae8:6e40:d61e%13",2013/07/11 0:59:26,2013/07/11 0:59:26
1667,"custord_loca_id_cust",9,1,1,999,,,,132,"number",38,0,0,,0,,,22,22,,,,,,,,,2099/12/31,"auto_crt",0,"fe80::442f:5ae8:6e40:d61e%13",2013/07/11 0:59:26,2013/07/11 0:59:26
1668,"loca_code_cust",9,1,0,10,14,1,0,240,"varchar2",0,0,1,0,1,0,0,40,40,,0,0,0,,,,,2099/12/31,"auto_crt",0,"fe80::442f:5ae8:6e40:d61e%13",2013/07/11 0:59:26,2013/07/11 0:59:26
1669,"loca_name_cust",9,1,0,15,14,2,0,300,"varchar2",0,0,1,0,1,0,0,100,100,,0,0,0,,,,,2099/12/31,"auto_crt",0,"fe80::442f:5ae8:6e40:d61e%13",2013/07/11 0:59:26,2013/07/11 0:59:26
1670,"loca_abbr_cust",9,1,0,999,,,,300,"varchar2",,,0,,,,,50,50,,,,,,,,,2099/12/31,"auto_crt",0,"fe80::442f:5ae8:6e40:d61e%13",2013/07/11 0:59:26,2013/07/11 0:59:26
1671,"loca_zip_cust",9,1,0,999,,,,60,"varchar2",,,0,,,,,10,10,,,,,,,,,2099/12/31,"auto_crt",0,"fe80::442f:5ae8:6e40:d61e%13",2013/07/11 0:59:26,2013/07/11 0:59:26
1672,"loca_country_cust",9,1,0,999,,,,120,"varchar2",,,0,,,,,20,20,,,,,,,,,2099/12/31,"auto_crt",0,"fe80::442f:5ae8:6e40:d61e%13",2013/07/11 0:59:26,2013/07/11 0:59:26
1673,"loca_prfct_cust",9,1,0,999,,,,120,"varchar2",,,0,,,,,20,20,,,,,,,,,2099/12/31,"auto_crt",0,"fe80::442f:5ae8:6e40:d61e%13",2013/07/11 0:59:26,2013/07/11 0:59:26
1674,"loca_addr1_cust",9,1,0,999,,,,300,"varchar2",,,0,,,,,50,50,,,,,,,,,2099/12/31,"auto_crt",0,"fe80::442f:5ae8:6e40:d61e%13",2013/07/11 0:59:26,2013/07/11 0:59:26
1675,"loca_addr2_cust",9,1,0,999,,,,300,"varchar2",,,0,,,,,50,50,,,,,,,,,2099/12/31,"auto_crt",0,"fe80::442f:5ae8:6e40:d61e%13",2013/07/11 0:59:27,2013/07/11 0:59:27
1676,"loca_tel_cust",9,1,0,999,,,,120,"varchar2",,,0,,,,,20,20,,,,,,,,,2099/12/31,"auto_crt",0,"fe80::442f:5ae8:6e40:d61e%13",2013/07/11 0:59:27,2013/07/11 0:59:27
1677,"loca_fax_cust",9,1,0,999,,,,120,"varchar2",,,0,,,,,20,20,,,,,,,,,2099/12/31,"auto_crt",0,"fe80::442f:5ae8:6e40:d61e%13",2013/07/11 0:59:27,2013/07/11 0:59:27
1678,"loca_mail_cust",9,1,0,999,,,,120,"varchar2",,,0,,,,,20,20,,,,,,,,,2099/12/31,"auto_crt",0,"fe80::442f:5ae8:6e40:d61e%13",2013/07/11 0:59:27,2013/07/11 0:59:27
1679,"loca_remark_cust",9,1,0,999,,,,300,"varchar2",,,0,,,,,100,100,,,,,,,,,2099/12/31,"auto_crt",0,"fe80::442f:5ae8:6e40:d61e%13",2013/07/11 0:59:27,2013/07/11 0:59:27
1680,"custord_itm_id",9,1,1,999,,,,132,"number",38,0,0,,0,,,22,22,,,,,,,,,2099/12/31,"auto_crt",0,"fe80::442f:5ae8:6e40:d61e%13",2013/07/11 0:59:27,2013/07/11 0:59:27
1681,"itm_code",9,1,0,20,15,1,0,240,"varchar2",0,0,1,0,1,0,0,40,40,,0,0,0,,,,,2099/12/31,"auto_crt",0,"fe80::442f:5ae8:6e40:d61e%13",2013/07/11 0:59:27,2013/07/11 0:59:27
1682,"itm_name",9,1,0,25,15,2,0,300,"varchar2",0,0,1,0,1,0,0,50,50,,0,0,0,,,,,2099/12/31,"auto_crt",0,"fe80::442f:5ae8:6e40:d61e%13",2013/07/11 0:59:27,2013/07/11 0:59:27
1683,"itm_itmtype",9,1,0,999,,,,6,"char",,,0,,,,,1,1,,,,,,,,,2099/12/31,"auto_crt",0,"fe80::442f:5ae8:6e40:d61e%13",2013/07/11 0:59:27,2013/07/11 0:59:27
1684,"itm_consumtype",9,1,0,999,,,,6,"char",,,0,,,,,1,1,,,,,,,,,2099/12/31,"auto_crt",0,"fe80::442f:5ae8:6e40:d61e%13",2013/07/11 0:59:27,2013/07/11 0:59:27
1685,"unit_code",9,1,0,999,,,,18,"varchar2",,,0,,,,,3,3,,,,,,,,,2099/12/31,"auto_crt",0,"fe80::442f:5ae8:6e40:d61e%13",2013/07/11 0:59:27,2013/07/11 0:59:27
1686,"unit_name",9,1,0,999,,,,60,"varchar2",,,0,,,,,10,10,,,,,,,,,2099/12/31,"auto_crt",0,"fe80::442f:5ae8:6e40:d61e%13",2013/07/11 0:59:27,2013/07/11 0:59:27
1687,"unit_remark",9,1,0,999,,,,300,"varchar2",,,0,,,,,100,100,,,,,,,,,2099/12/31,"auto_crt",0,"fe80::442f:5ae8:6e40:d61e%13",2013/07/11 0:59:27,2013/07/11 0:59:27
1688,"itm_std",9,1,0,999,,,,300,"varchar2",,,0,,,,,50,50,,,,,,,,,2099/12/31,"auto_crt",0,"fe80::442f:5ae8:6e40:d61e%13",2013/07/11 0:59:27,2013/07/11 0:59:27
1689,"itm_model",9,1,0,999,,,,300,"varchar2",,,0,,,,,50,50,,,,,,,,,2099/12/31,"auto_crt",0,"fe80::442f:5ae8:6e40:d61e%13",2013/07/11 0:59:27,2013/07/11 0:59:27
1690,"itm_material",9,1,0,999,,,,300,"varchar2",,,0,,,,,50,50,,,,,,,,,2099/12/31,"auto_crt",0,"fe80::442f:5ae8:6e40:d61e%13",2013/07/11 0:59:27,2013/07/11 0:59:27
1937,"screenfield_updated_at",27,1,0,999,,,,60,"date",,,0,,0,,,10,7,,,,,,,,,2099/12/31,"auto_crt",0,"fe80::442f:5ae8:6e40:d61e%13",2013/07/11 20:21:37,2013/07/11 20:21:37
1938,"id",27,1,1,999,,,,132,"number",38,0,0,,,,,22,22,,,,,,,,,2099/12/31,"auto_crt",0,"fe80::442f:5ae8:6e40:d61e%13",2013/07/11 20:21:37,2013/07/11 20:21:37
1939,"screenfield_id",27,1,1,999,,,,132,"number",38,0,0,,0,,,22,22,,,,,,,,,2099/12/31,"auto_crt",0,"fe80::442f:5ae8:6e40:d61e%13",2013/07/11 20:21:37,2013/07/11 20:21:37
1940,"screenfield_tcode",27,1,0,20,1,2,0,180,"varchar2",0,0,0,0,1,0,0,30,30,,0,0,0,,,,,2099/12/31,"è¨ï∂éö",0,"fe80::442f:5ae8:6e40:d61e%13",2013/07/11 20:21:37,2013/07/13 14:21:15
1941,"screenfield_screen_id",27,1,1,999,,,,132,"number",38,0,0,,0,,,22,22,,,,,,,,,2099/12/31,"auto_crt",0,"fe80::442f:5ae8:6e40:d61e%13",2013/07/11 20:21:37,2013/07/11 20:21:37
1942,"screen_tcode",27,1,0,10,1,0,0,180,"varchar2",1,0,0,0,1,0,0,30,30,,0,0,0,,,,,2099/12/31,"auto_crt",0,"fe80::442f:5ae8:6e40:d61e%13",2013/07/11 20:21:37,2013/07/13 14:20:49
1943,"screen_tcode_view",27,1,0,999,,,,180,"varchar2",,,0,,,,,30,30,,,,,,,,,2099/12/31,"auto_crt",0,"fe80::442f:5ae8:6e40:d61e%13",2013/07/11 20:21:37,2013/07/11 20:21:37
1944,"screen_strselect",27,1,0,999,,,,300,"textarea",,,0,,,,,4000,4000,,,10,80,,,,,2099/12/31,"auto_crt",0,"fe80::442f:5ae8:6e40:d61e%13",2013/07/11 20:21:37,2013/07/11 20:21:37
1945,"screen_strwhere",27,1,0,999,,,,300,"textarea",,,0,,,,,4000,4000,,,10,80,,,,,2099/12/31,"auto_crt",0,"fe80::442f:5ae8:6e40:d61e%13",2013/07/11 20:21:37,2013/07/11 20:21:37
1946,"screen_strgrouporder",27,1,0,999,,,,300,"textarea",,,0,,,,,4000,4000,,,10,80,,,,,2099/12/31,"auto_crt",0,"fe80::442f:5ae8:6e40:d61e%13",2013/07/11 20:21:37,2013/07/11 20:21:37
1947,"screen_ymlcode",27,1,0,999,,,,300,"textarea",,,0,,,,,4000,4000,,,10,80,,,,,2099/12/31,"auto_crt",0,"fe80::442f:5ae8:6e40:d61e%13",2013/07/11 20:21:37,2013/07/11 20:21:37
1948,"screen_cdrflayout",27,1,0,999,,,,60,"varchar2",,,0,,,,,10,10,,,,,,,,,2099/12/31,"auto_crt",0,"fe80::442f:5ae8:6e40:d61e%13",2013/07/11 20:21:37,2013/07/11 20:21:37
1949,"screen_remark",27,1,0,999,,,,300,"textarea",,,0,,,,,200,200,,,2,80,,,,,2099/12/31,"auto_crt",0,"fe80::442f:5ae8:6e40:d61e%13",2013/07/11 20:21:37,2013/07/11 20:21:37
1950,"screenfield_selection",27,1,0,888,2,1,,132,"number",1,0,0,,1,,,22,22,,,,,,,,,2099/12/31,"auto_crt",0,"fe80::442f:5ae8:6e40:d61e%13",2013/07/11 20:21:37,2013/07/11 20:21:37
1951,"screenfield_hideflg",27,1,0,888,3,1,,132,"number",1,0,0,,1,,,22,22,,,,,,,,,2099/12/31,"auto_crt",0,"fe80::442f:5ae8:6e40:d61e%13",2013/07/11 20:21:37,2013/07/11 20:21:37
1955,"screenfield_paragraph",27,1,0,888,7,1,,132,"number",1,0,0,,1,,,22,22,,,,,,,,,2099/12/31,"auto_crt",0,"fe80::442f:5ae8:6e40:d61e%13",2013/07/11 20:21:37,2013/07/11 20:21:37
1958,"screenfield_dataprecision",27,1,0,888,11,2,0,132,"number",0,0,0,0,1,0,0,22,22,,0,0,0,,,,,2099/12/31,"auto_crt",0,"fe80::442f:5ae8:6e40:d61e%13",2013/07/11 20:21:38,2013/07/12 23:31:39
1959,"screenfield_datascale",27,1,0,888,11,1,,132,"number",,,0,,1,,,22,22,,,,,,,,,2099/12/31,"auto_crt",0,"fe80::442f:5ae8:6e40:d61e%13",2013/07/11 20:21:38,2013/07/11 20:21:38
1960,"screenfield_indisp",27,1,0,888,12,1,,132,"number",1,0,0,,1,,,22,22,,,,,,,,,2099/12/31,"auto_crt",0,"fe80::442f:5ae8:6e40:d61e%13",2013/07/11 20:21:38,2013/07/11 20:21:38
1961,"screenfield_subindisp",27,1,0,888,13,1,,132,"number",1,0,0,,1,,,22,22,,,,,,,,,2099/12/31,"auto_crt",0,"fe80::442f:5ae8:6e40:d61e%13",2013/07/11 20:21:38,2013/07/11 20:21:38
1962,"screenfield_editable",27,1,0,888,14,1,,132,"number",1,0,0,,1,,,22,22,,,,,,,,,2099/12/31,"auto_crt",0,"fe80::442f:5ae8:6e40:d61e%13",2013/07/11 20:21:38,2013/07/11 20:21:38
1963,"screenfield_maxvalue",27,1,0,888,15,1,,132,"number",,,0,,1,,,22,22,,,,,,,,,2099/12/31,"auto_crt",0,"fe80::442f:5ae8:6e40:d61e%13",2013/07/11 20:21:38,2013/07/11 20:21:38
1964,"screenfield_minvalue",27,1,0,888,16,1,,132,"number",,,0,,1,,,22,22,,,,,,,,,2099/12/31,"auto_crt",0,"fe80::442f:5ae8:6e40:d61e%13",2013/07/11 20:21:38,2013/07/11 20:21:38
1965,"screenfield_edoptsize",27,1,0,888,17,1,,132,"number",,,0,,1,,,22,22,,,,,,,,,2099/12/31,"auto_crt",0,"fe80::442f:5ae8:6e40:d61e%13",2013/07/11 20:21:38,2013/07/11 20:21:38
1966,"screenfield_edoptmaxlength",27,1,0,888,18,1,,132,"number",4,0,0,,1,,,22,22,,,,,,,,,2099/12/31,"auto_crt",0,"fe80::442f:5ae8:6e40:d61e%13",2013/07/11 20:21:38,2013/07/11 20:21:38
1967,"screenfield_rubycode",27,1,0,888,19,1,,300,"textarea",,,0,,1,,,4000,4000,,,10,80,,,,,2099/12/31,"auto_crt",0,"fe80::442f:5ae8:6e40:d61e%13",2013/07/11 20:21:38,2013/07/11 20:21:38
1968,"screenfield_edoptmultiple",27,1,0,888,20,1,,132,"number",4,0,0,,1,,,22,22,,,,,,,,,2099/12/31,"auto_crt",0,"fe80::442f:5ae8:6e40:d61e%13",2013/07/11 20:21:38,2013/07/11 20:21:38
1969,"screenfield_edoptrow",27,1,0,888,21,1,,132,"number",4,0,0,,1,,,22,22,,,,,,,,,2099/12/31,"auto_crt",0,"fe80::442f:5ae8:6e40:d61e%13",2013/07/11 20:21:38,2013/07/11 20:21:38
1970,"screenfield_edoptcols",27,1,0,888,22,1,,132,"number",4,0,0,,1,,,22,22,,,,,,,,,2099/12/31,"auto_crt",0,"fe80::442f:5ae8:6e40:d61e%13",2013/07/11 20:21:38,2013/07/11 20:21:38
1971,"screenfield_edoptvalue",27,1,0,888,23,1,,300,"textarea",,,0,,1,,,200,200,,,2,80,,,,,2099/12/31,"auto_crt",0,"fe80::442f:5ae8:6e40:d61e%13",2013/07/11 20:21:38,2013/07/11 20:21:38
1972,"screenfield_tblkey",27,1,0,888,24,1,,6,"char",,,0,,1,,,1,1,,,,,,,,,2099/12/31,"auto_crt",0,"fe80::442f:5ae8:6e40:d61e%13",2013/07/11 20:21:38,2013/07/11 20:21:38
1973,"screenfield_sumkey",27,1,0,888,25,1,,6,"char",,,0,,1,,,1,1,,,,,,,,,2099/12/31,"auto_crt",0,"fe80::442f:5ae8:6e40:d61e%13",2013/07/11 20:21:38,2013/07/11 20:21:38
1974,"screenfield_crtfield",27,1,0,888,26,1,,300,"varchar2",,,0,,1,,,100,100,,,,,,,,,2099/12/31,"auto_crt",0,"fe80::442f:5ae8:6e40:d61e%13",2013/07/11 20:21:38,2013/07/11 20:21:38
1975,"screenfield_expiredate",27,1,0,888,27,1,,60,"date",,,0,,1,,,10,7,,,,,,,,,2099/12/31,"auto_crt",0,"fe80::442f:5ae8:6e40:d61e%13",2013/07/11 20:21:38,2013/07/11 20:21:38
1976,"screenfield_remark",27,1,0,888,28,1,,300,"textarea",,,0,,1,,,200,200,,,2,80,,,,,2099/12/31,"auto_crt",0,"fe80::442f:5ae8:6e40:d61e%13",2013/07/11 20:21:38,2013/07/11 20:21:38
1977,"screenfield_person_id_upd",27,1,1,999,,,,60,"number",38,0,0,,0,,,22,22,,,,,,,,,2099/12/31,"auto_crt",0,"fe80::442f:5ae8:6e40:d61e%13",2013/07/11 20:21:38,2013/07/11 20:21:38
1978,"person_code_upd",27,1,0,999,,,,60,"varchar2",,,0,,,,,10,10,,,,,,,,,2099/12/31,"auto_crt",0,"fe80::442f:5ae8:6e40:d61e%13",2013/07/11 20:21:38,2013/07/11 20:21:38
1979,"person_name_upd",27,1,0,999,,,,60,"varchar2",,,0,,,,,50,50,,,,,,,,,2099/12/31,"auto_crt",0,"fe80::442f:5ae8:6e40:d61e%13",2013/07/11 20:21:38,2013/07/11 20:21:38
1980,"person_email_upd",27,1,0,999,,,,60,"varchar2",,,0,,,,,50,50,,,,,,,,,2099/12/31,"auto_crt",0,"fe80::442f:5ae8:6e40:d61e%13",2013/07/11 20:21:38,2013/07/11 20:21:38
1981,"person_remark_upd",27,1,0,999,,,,60,"varchar2",,,0,,,,,100,100,,,,,,,,,2099/12/31,"auto_crt",0,"fe80::442f:5ae8:6e40:d61e%13",2013/07/11 20:21:38,2013/07/11 20:21:38
1982,"usergroup_code_upd",27,1,0,999,,,,60,"varchar2",,,0,,,,,30,30,,,,,,,,,2099/12/31,"auto_crt",0,"fe80::442f:5ae8:6e40:d61e%13",2013/07/11 20:21:38,2013/07/11 20:21:38
1983,"usergroup_name_upd",27,1,0,999,,,,60,"varchar2",,,0,,,,,20,20,,,,,,,,,2099/12/31,"auto_crt",0,"fe80::442f:5ae8:6e40:d61e%13",2013/07/11 20:21:38,2013/07/11 20:21:38
1984,"screenfield_update_ip",27,1,0,999,,,,60,"varchar2",,,0,,0,,,40,40,,,,,,,,,2099/12/31,"auto_crt",0,"fe80::442f:5ae8:6e40:d61e%13",2013/07/11 20:21:38,2013/07/11 20:21:38
1985,"screenfield_created_at",27,1,0,999,,,,60,"date",,,0,,0,,,10,7,,,,,,,,,2099/12/31,"auto_crt",0,"fe80::442f:5ae8:6e40:d61e%13",2013/07/11 20:21:38,2013/07/11 20:21:38
1986,"id",28,1,1,999,,,,132,"number",38,0,0,,,,,22,22,,,,,,,,,2099/12/31,"auto_crt",0,"fe80::442f:5ae8:6e40:d61e%13",2013/07/11 20:21:48,2013/07/11 20:21:48
1987,"screen_id",28,1,1,999,,,,132,"number",38,0,0,,0,,,22,22,,,,,,,,,2099/12/31,"auto_crt",0,"fe80::442f:5ae8:6e40:d61e%13",2013/07/11 20:21:48,2013/07/11 20:21:48
1988,"screen_tcode",28,1,0,888,1,1,,180,"varchar2",,,0,,1,,,30,30,,,,,,,,,2099/12/31,"auto_crt",0,"fe80::442f:5ae8:6e40:d61e%13",2013/07/11 20:21:48,2013/07/11 20:21:48
1989,"screen_tcode_view",28,1,0,888,2,1,,180,"varchar2",,,0,,1,,,30,30,,,,,,,,,2099/12/31,"auto_crt",0,"fe80::442f:5ae8:6e40:d61e%13",2013/07/11 20:21:48,2013/07/11 20:21:48
1990,"screen_strselect",28,1,0,888,3,1,,300,"textarea",,,0,,1,,,4000,4000,,,10,80,,,,,2099/12/31,"auto_crt",0,"fe80::442f:5ae8:6e40:d61e%13",2013/07/11 20:21:48,2013/07/11 20:21:48
1991,"screen_strwhere",28,1,0,888,4,1,,300,"textarea",,,0,,1,,,4000,4000,,,10,80,,,,,2099/12/31,"auto_crt",0,"fe80::442f:5ae8:6e40:d61e%13",2013/07/11 20:21:48,2013/07/11 20:21:48
1992,"screen_strgrouporder",28,1,0,888,5,1,,300,"textarea",,,0,,1,,,4000,4000,,,10,80,,,,,2099/12/31,"auto_crt",0,"fe80::442f:5ae8:6e40:d61e%13",2013/07/11 20:21:48,2013/07/11 20:21:48
1993,"screen_ymlcode",28,1,0,888,6,1,,300,"textarea",,,0,,1,,,4000,4000,,,10,80,,,,,2099/12/31,"auto_crt",0,"fe80::442f:5ae8:6e40:d61e%13",2013/07/11 20:21:48,2013/07/11 20:21:48
1994,"screen_cdrflayout",28,1,0,888,7,1,,60,"varchar2",,,0,,1,,,10,10,,,,,,,,,2099/12/31,"auto_crt",0,"fe80::442f:5ae8:6e40:d61e%13",2013/07/11 20:21:48,2013/07/11 20:21:48
1995,"screen_expiredate",28,1,0,888,8,1,,60,"date",,,0,,1,,,10,7,,,,,,,,,2099/12/31,"auto_crt",0,"fe80::442f:5ae8:6e40:d61e%13",2013/07/11 20:21:48,2013/07/11 20:21:48
1996,"screen_remark",28,1,0,888,9,1,,300,"textarea",,,0,,1,,,200,200,,,2,80,,,,,2099/12/31,"auto_crt",0,"fe80::442f:5ae8:6e40:d61e%13",2013/07/11 20:21:48,2013/07/11 20:21:48
1997,"screen_person_id_upd",28,1,1,999,,,,60,"number",38,0,0,,0,,,22,22,,,,,,,,,2099/12/31,"auto_crt",0,"fe80::442f:5ae8:6e40:d61e%13",2013/07/11 20:21:48,2013/07/11 20:21:48
1998,"person_code_upd",28,1,0,999,,,,60,"varchar2",,,0,,,,,10,10,,,,,,,,,2099/12/31,"auto_crt",0,"fe80::442f:5ae8:6e40:d61e%13",2013/07/11 20:21:48,2013/07/11 20:21:48
1999,"person_name_upd",28,1,0,999,,,,60,"varchar2",,,0,,,,,50,50,,,,,,,,,2099/12/31,"auto_crt",0,"fe80::442f:5ae8:6e40:d61e%13",2013/07/11 20:21:48,2013/07/11 20:21:48
2000,"person_email_upd",28,1,0,999,,,,60,"varchar2",,,0,,,,,50,50,,,,,,,,,2099/12/31,"auto_crt",0,"fe80::442f:5ae8:6e40:d61e%13",2013/07/11 20:21:48,2013/07/11 20:21:48
2001,"person_remark_upd",28,1,0,999,,,,60,"varchar2",,,0,,,,,100,100,,,,,,,,,2099/12/31,"auto_crt",0,"fe80::442f:5ae8:6e40:d61e%13",2013/07/11 20:21:48,2013/07/11 20:21:48
2002,"usergroup_code_upd",28,1,0,999,,,,60,"varchar2",,,0,,,,,30,30,,,,,,,,,2099/12/31,"auto_crt",0,"fe80::442f:5ae8:6e40:d61e%13",2013/07/11 20:21:48,2013/07/11 20:21:48
2003,"usergroup_name_upd",28,1,0,999,,,,60,"varchar2",,,0,,,,,20,20,,,,,,,,,2099/12/31,"auto_crt",0,"fe80::442f:5ae8:6e40:d61e%13",2013/07/11 20:21:48,2013/07/11 20:21:48
2004,"screen_update_ip",28,1,0,999,,,,60,"varchar2",,,0,,0,,,40,40,,,,,,,,,2099/12/31,"auto_crt",0,"fe80::442f:5ae8:6e40:d61e%13",2013/07/11 20:21:48,2013/07/11 20:21:48
2005,"screen_created_at",28,1,0,999,,,,60,"date",,,0,,0,,,10,7,,,,,,,,,2099/12/31,"auto_crt",0,"fe80::442f:5ae8:6e40:d61e%13",2013/07/11 20:21:48,2013/07/11 20:21:48
2006,"screen_updated_at",28,1,0,999,,,,60,"date",,,0,,0,,,10,7,,,,,,,,,2099/12/31,"auto_crt",0,"fe80::442f:5ae8:6e40:d61e%13",2013/07/11 20:21:48,2013/07/11 20:21:48
2076,"usergroup_name_pare",26,1,0,999,1,2,,120,"varchar2",,,1,,1,,,20,20,,,,,,,,,2099/12/31,"auto_crt",0,"fe80::442f:5ae8:6e40:d61e%13",2013/07/11 20:52:39,2013/07/11 20:52:39
2077,"usergroup_remark_pare",26,1,0,999,,,,300,"varchar2",,,0,,,,,100,100,,,,,,,,,2099/12/31,"auto_crt",0,"fe80::442f:5ae8:6e40:d61e%13",2013/07/11 20:52:39,2013/07/11 20:52:39
2078,"report_expiredate",26,1,0,888,2,1,,60,"date",,,0,,1,,,10,7,,,,,,,,,2099/12/31,"auto_crt",0,"fe80::442f:5ae8:6e40:d61e%13",2013/07/11 20:52:39,2013/07/11 20:52:39
2079,"report_remark",26,1,0,888,3,1,,300,"textarea",,,0,,1,,,200,200,,,2,80,,,,,2099/12/31,"auto_crt",0,"fe80::442f:5ae8:6e40:d61e%13",2013/07/11 20:52:39,2013/07/11 20:52:39
2080,"report_person_id_upd",26,1,1,999,,,,60,"number",38,0,0,,0,,,22,22,,,,,,,,,2099/12/31,"auto_crt",0,"fe80::442f:5ae8:6e40:d61e%13",2013/07/11 20:52:39,2013/07/11 20:52:39
2081,"person_code_upd",26,1,0,999,,,,60,"varchar2",,,0,,,,,10,10,,,,,,,,,2099/12/31,"auto_crt",0,"fe80::442f:5ae8:6e40:d61e%13",2013/07/11 20:52:39,2013/07/11 20:52:39
2082,"person_name_upd",26,1,0,999,,,,60,"varchar2",,,0,,,,,50,50,,,,,,,,,2099/12/31,"auto_crt",0,"fe80::442f:5ae8:6e40:d61e%13",2013/07/11 20:52:39,2013/07/11 20:52:39
2083,"person_email_upd",26,1,0,999,,,,60,"varchar2",,,0,,,,,50,50,,,,,,,,,2099/12/31,"auto_crt",0,"fe80::442f:5ae8:6e40:d61e%13",2013/07/11 20:52:39,2013/07/11 20:52:39
2084,"person_remark_upd",26,1,0,999,,,,60,"varchar2",,,0,,,,,100,100,,,,,,,,,2099/12/31,"auto_crt",0,"fe80::442f:5ae8:6e40:d61e%13",2013/07/11 20:52:39,2013/07/11 20:52:39
2085,"usergroup_code_upd",26,1,0,999,,,,60,"varchar2",,,0,,,,,30,30,,,,,,,,,2099/12/31,"auto_crt",0,"fe80::442f:5ae8:6e40:d61e%13",2013/07/11 20:52:39,2013/07/11 20:52:39
2086,"usergroup_name_upd",26,1,0,999,,,,60,"varchar2",,,0,,,,,20,20,,,,,,,,,2099/12/31,"auto_crt",0,"fe80::442f:5ae8:6e40:d61e%13",2013/07/11 20:52:39,2013/07/11 20:52:39
2087,"report_update_ip",26,1,0,999,,,,60,"varchar2",,,0,,0,,,40,40,,,,,,,,,2099/12/31,"auto_crt",0,"fe80::442f:5ae8:6e40:d61e%13",2013/07/11 20:52:39,2013/07/11 20:52:39
2088,"report_created_at",26,1,0,999,,,,60,"date",,,0,,0,,,10,7,,,,,,,,,2099/12/31,"auto_crt",0,"fe80::442f:5ae8:6e40:d61e%13",2013/07/11 20:52:39,2013/07/11 20:52:39
2089,"report_updated_at",26,1,0,999,,,,60,"date",,,0,,0,,,10,7,,,,,,,,,2099/12/31,"auto_crt",0,"fe80::442f:5ae8:6e40:d61e%13",2013/07/11 20:52:39,2013/07/11 20:52:39
2090,"id",26,1,1,999,,,,132,"number",38,0,0,,,,,22,22,,,,,,,,,2099/12/31,"auto_crt",0,"fe80::442f:5ae8:6e40:d61e%13",2013/07/11 20:52:39,2013/07/11 20:52:39
2091,"report_id",26,1,1,999,,,,132,"number",38,0,0,,0,,,22,22,,,,,,,,,2099/12/31,"auto_crt",0,"fe80::442f:5ae8:6e40:d61e%13",2013/07/11 20:52:39,2013/07/11 20:52:39
2092,"report_code",26,1,0,888,4,1,,180,"varchar2",,,1,,1,,,30,30,,,,,,,,,2099/12/31,"auto_crt",0,"fe80::442f:5ae8:6e40:d61e%13",2013/07/11 20:52:39,2013/07/11 20:52:39
2093,"report_name",26,1,0,888,4,2,,180,"varchar2",,,1,,1,,,30,30,,,,,,,,,2099/12/31,"auto_crt",0,"fe80::442f:5ae8:6e40:d61e%13",2013/07/11 20:52:39,2013/07/11 20:52:39
2094,"report_filename",26,1,0,888,5,1,,300,"varchar2",,,0,,1,,,50,50,,,,,,,,,2099/12/31,"auto_crt",0,"fe80::442f:5ae8:6e40:d61e%13",2013/07/11 20:52:39,2013/07/11 20:52:39
2095,"report_screen_id",26,1,1,999,,,,132,"number",38,0,0,,0,,,22,22,,,,,,,,,2099/12/31,"auto_crt",0,"fe80::442f:5ae8:6e40:d61e%13",2013/07/11 20:52:39,2013/07/11 20:52:39
2096,"screen_tcode",26,1,0,999,,,,180,"varchar2",,,0,,,,,30,30,,,,,,,,,2099/12/31,"auto_crt",0,"fe80::442f:5ae8:6e40:d61e%13",2013/07/11 20:52:39,2013/07/11 20:52:39
2097,"screen_tcode_view",26,1,0,999,,,,180,"varchar2",,,0,,,,,30,30,,,,,,,,,2099/12/31,"auto_crt",0,"fe80::442f:5ae8:6e40:d61e%13",2013/07/11 20:52:39,2013/07/11 20:52:39
2098,"screen_strselect",26,1,0,999,,,,300,"textarea",,,0,,,,,4000,4000,,,10,80,,,,,2099/12/31,"auto_crt",0,"fe80::442f:5ae8:6e40:d61e%13",2013/07/11 20:52:39,2013/07/11 20:52:39
2099,"screen_strwhere",26,1,0,999,,,,300,"textarea",,,0,,,,,4000,4000,,,10,80,,,,,2099/12/31,"auto_crt",0,"fe80::442f:5ae8:6e40:d61e%13",2013/07/11 20:52:39,2013/07/11 20:52:39
2100,"screen_strgrouporder",26,1,0,999,,,,300,"textarea",,,0,,,,,4000,4000,,,10,80,,,,,2099/12/31,"auto_crt",0,"fe80::442f:5ae8:6e40:d61e%13",2013/07/11 20:52:39,2013/07/11 20:52:39
2101,"screen_ymlcode",26,1,0,999,,,,300,"textarea",,,0,,,,,4000,4000,,,10,80,,,,,2099/12/31,"auto_crt",0,"fe80::442f:5ae8:6e40:d61e%13",2013/07/11 20:52:39,2013/07/11 20:52:39
2102,"screen_cdrflayout",26,1,0,999,,,,60,"varchar2",,,0,,,,,10,10,,,,,,,,,2099/12/31,"auto_crt",0,"fe80::442f:5ae8:6e40:d61e%13",2013/07/11 20:52:39,2013/07/11 20:52:39
2103,"screen_remark",26,1,0,999,,,,300,"textarea",,,0,,,,,200,200,,,2,80,,,,,2099/12/31,"auto_crt",0,"fe80::442f:5ae8:6e40:d61e%13",2013/07/11 20:52:39,2013/07/11 20:52:39
2104,"report_usergroup_id",26,1,1,999,,,,132,"number",38,0,0,,0,,,22,22,,,,,,,,,2099/12/31,"auto_crt",0,"fe80::442f:5ae8:6e40:d61e%13",2013/07/11 20:52:39,2013/07/11 20:52:39
2105,"usergroup_code",26,1,0,999,6,1,,180,"varchar2",,,1,,1,,,30,30,,,,,,,,,2099/12/31,"auto_crt",0,"fe80::442f:5ae8:6e40:d61e%13",2013/07/11 20:52:39,2013/07/11 20:52:39
2106,"usergroup_name",26,1,0,999,6,2,,120,"varchar2",,,1,,1,,,20,20,,,,,,,,,2099/12/31,"auto_crt",0,"fe80::442f:5ae8:6e40:d61e%13",2013/07/11 20:52:39,2013/07/11 20:52:39
2107,"usergroup_remark",26,1,0,999,,,,300,"varchar2",,,0,,,,,100,100,,,,,,,,,2099/12/31,"auto_crt",0,"fe80::442f:5ae8:6e40:d61e%13",2013/07/11 20:52:39,2013/07/11 20:52:39
2108,"report_usergroup_id_pare",26,1,1,999,,,,132,"number",38,0,0,,0,,,22,22,,,,,,,,,2099/12/31,"auto_crt",0,"fe80::442f:5ae8:6e40:d61e%13",2013/07/11 20:52:39,2013/07/11 20:52:39
2109,"usergroup_code_pare",26,1,0,999,1,1,,180,"varchar2",,,1,,1,,,30,30,,,,,,,,,2099/12/31,"auto_crt",0,"fe80::442f:5ae8:6e40:d61e%13",2013/07/11 20:52:39,2013/07/11 20:52:39
2127,"id",101,1,1,999,,,,132,"number",38,0,0,,,,,22,22,,,,,,,,,2099/12/31,"auto_crt",0,"fe80::442f:5ae8:6e40:d61e%13",2013/07/11 22:12:44,2013/07/11 22:12:44
2128,"blktable_id",101,1,1,999,,,,132,"number",38,0,0,,0,,,22,22,,,,,,,,,2099/12/31,"auto_crt",0,"fe80::442f:5ae8:6e40:d61e%13",2013/07/11 22:12:44,2013/07/11 22:12:44
2129,"blktable_tabletype",101,1,0,20,2,1,0,90,"select",0,0,0,0,1,0,0,15,15,,0,0,0,"[[],[:system,'system'],[:master,'master'],[:tran,'tran']]",,,,2099/12/31,"auto_crt",0,"fe80::442f:5ae8:6e40:d61e%13",2013/07/11 22:12:44,2013/07/12 22:43:14
2130,"blktable_remark",101,1,0,888,5,1,0,300,"textarea",0,0,0,0,1,0,0,200,200,,0,2,80,,,,,2099/12/31,"auto_crt",0,"fe80::442f:5ae8:6e40:d61e%13",2013/07/11 22:12:44,2013/07/12 18:26:50
2131,"blktable_rubycode",101,1,0,888,3,1,,300,"textarea",,,0,,1,,,4000,4000,,,10,80,,,,,2099/12/31,"auto_crt",0,"fe80::442f:5ae8:6e40:d61e%13",2013/07/11 22:12:44,2013/07/11 22:12:44
2132,"blktable_person_id_upd",101,1,1,999,,,,60,"number",38,0,0,,0,,,22,22,,,,,,,,,2099/12/31,"auto_crt",0,"fe80::442f:5ae8:6e40:d61e%13",2013/07/11 22:12:44,2013/07/11 22:12:44
2133,"person_code_upd",101,1,0,999,,,,60,"varchar2",,,0,,,,,10,10,,,,,,,,,2099/12/31,"auto_crt",0,"fe80::442f:5ae8:6e40:d61e%13",2013/07/11 22:12:44,2013/07/11 22:12:44
2134,"person_name_upd",101,1,0,999,,,,60,"varchar2",,,0,,,,,50,50,,,,,,,,,2099/12/31,"auto_crt",0,"fe80::442f:5ae8:6e40:d61e%13",2013/07/11 22:12:44,2013/07/11 22:12:44
2135,"person_email_upd",101,1,0,999,,,,60,"varchar2",,,0,,,,,50,50,,,,,,,,,2099/12/31,"auto_crt",0,"fe80::442f:5ae8:6e40:d61e%13",2013/07/11 22:12:44,2013/07/11 22:12:44
2136,"person_remark_upd",101,1,0,999,,,,60,"varchar2",,,0,,,,,100,100,,,,,,,,,2099/12/31,"auto_crt",0,"fe80::442f:5ae8:6e40:d61e%13",2013/07/11 22:12:44,2013/07/11 22:12:44
2137,"usergroup_code_upd",101,1,0,999,,,,60,"varchar2",,,0,,,,,30,30,,,,,,,,,2099/12/31,"auto_crt",0,"fe80::442f:5ae8:6e40:d61e%13",2013/07/11 22:12:44,2013/07/11 22:12:44
2138,"usergroup_name_upd",101,1,0,999,,,,60,"varchar2",,,0,,,,,20,20,,,,,,,,,2099/12/31,"auto_crt",0,"fe80::442f:5ae8:6e40:d61e%13",2013/07/11 22:12:44,2013/07/11 22:12:44
2139,"blktable_update_ip",101,1,0,999,,,,60,"varchar2",,,0,,0,,,40,40,,,,,,,,,2099/12/31,"auto_crt",0,"fe80::442f:5ae8:6e40:d61e%13",2013/07/11 22:12:44,2013/07/11 22:12:44
2140,"blktable_created_at",101,1,0,999,,,,60,"date",,,0,,0,,,10,7,,,,,,,,,2099/12/31,"auto_crt",0,"fe80::442f:5ae8:6e40:d61e%13",2013/07/11 22:12:44,2013/07/11 22:12:44
2141,"blktable_expiredate",101,1,0,888,4,1,,60,"date",,,0,,1,,,10,7,,,,,,,,,2099/12/31,"auto_crt",0,"fe80::442f:5ae8:6e40:d61e%13",2013/07/11 22:12:44,2013/07/11 22:12:44
2142,"blktable_updated_at",101,1,0,999,,,,60,"date",,,0,,0,,,10,7,,,,,,,,,2099/12/31,"auto_crt",0,"fe80::442f:5ae8:6e40:d61e%13",2013/07/11 22:12:44,2013/07/11 22:12:44
2143,"blktable_tcode",101,1,0,10,1,1,0,180,"varchar2",0,0,0,0,1,0,0,30,30,,0,0,0,,,,,2099/12/31,"auto_crt",0,"fe80::442f:5ae8:6e40:d61e%13",2013/07/11 22:12:44,2013/07/12 18:28:04
2144,"id",61,1,1,999,,,,132,"number",38,0,0,,,,,22,22,,,,,,,,,2099/12/31,"auto_crt",0,"fe80::442f:5ae8:6e40:d61e%13",2013/07/11 23:01:57,2013/07/11 23:01:57
2145,"fieldcode_id",61,1,1,999,,,,132,"number",38,0,0,,0,,,22,22,,,,,,,,,2099/12/31,"auto_crt",0,"fe80::442f:5ae8:6e40:d61e%13",2013/07/11 23:01:57,2013/07/11 23:01:57
2153,"fieldcode_person_id_upd",61,1,1,999,,,,60,"number",38,0,0,,0,,,22,22,,,,,,,,,2099/12/31,"auto_crt",0,"fe80::442f:5ae8:6e40:d61e%13",2013/07/11 23:01:58,2013/07/11 23:01:58
2154,"person_code_upd",61,1,0,999,,,,60,"varchar2",,,0,,,,,10,10,,,,,,,,,2099/12/31,"auto_crt",0,"fe80::442f:5ae8:6e40:d61e%13",2013/07/11 23:01:58,2013/07/11 23:01:58
2155,"person_name_upd",61,1,0,999,,,,60,"varchar2",,,0,,,,,50,50,,,,,,,,,2099/12/31,"auto_crt",0,"fe80::442f:5ae8:6e40:d61e%13",2013/07/11 23:01:58,2013/07/11 23:01:58
2156,"person_email_upd",61,1,0,999,,,,60,"varchar2",,,0,,,,,50,50,,,,,,,,,2099/12/31,"auto_crt",0,"fe80::442f:5ae8:6e40:d61e%13",2013/07/11 23:01:58,2013/07/11 23:01:58
2157,"person_remark_upd",61,1,0,999,,,,60,"varchar2",,,0,,,,,100,100,,,,,,,,,2099/12/31,"auto_crt",0,"fe80::442f:5ae8:6e40:d61e%13",2013/07/11 23:01:58,2013/07/11 23:01:58
2158,"usergroup_code_upd",61,1,0,999,,,,60,"varchar2",,,0,,,,,30,30,,,,,,,,,2099/12/31,"auto_crt",0,"fe80::442f:5ae8:6e40:d61e%13",2013/07/11 23:01:58,2013/07/11 23:01:58
2159,"usergroup_name_upd",61,1,0,999,,,,60,"varchar2",,,0,,,,,20,20,,,,,,,,,2099/12/31,"auto_crt",0,"fe80::442f:5ae8:6e40:d61e%13",2013/07/11 23:01:58,2013/07/11 23:01:58
2160,"fieldcode_update_ip",61,1,0,999,,,,60,"varchar2",,,0,,0,,,40,40,,,,,,,,,2099/12/31,"auto_crt",0,"fe80::442f:5ae8:6e40:d61e%13",2013/07/11 23:01:58,2013/07/11 23:01:58
2161,"fieldcode_created_at",61,1,0,999,,,,60,"date",,,0,,0,,,10,7,,,,,,,,,2099/12/31,"auto_crt",0,"fe80::442f:5ae8:6e40:d61e%13",2013/07/11 23:01:58,2013/07/11 23:01:58
2163,"fieldcode_updated_at",61,1,0,999,,,,60,"date",,,0,,0,,,10,7,,,,,,,,,2099/12/31,"auto_crt",0,"fe80::442f:5ae8:6e40:d61e%13",2013/07/11 23:01:58,2013/07/11 23:01:58
2164,"fieldcode_tcode",61,1,0,10,9,1,0,180,"varchar2",0,0,0,0,1,0,0,30,30,,0,0,0,,,,,2099/12/31,"auto_crt",0,"fe80::442f:5ae8:6e40:d61e%13",2013/07/11 23:01:58,2013/07/12 0:17:49
2165,"id",6,1,1,999,,,,132,"number",38,0,0,,,,,22,22,,,,,,,,,2099/12/31,"auto_crt",0,"fe80::442f:5ae8:6e40:d61e%13",2013/07/12 23:22:36,2013/07/12 23:22:36
2166,"chilscreen_id",6,1,1,999,,,,132,"number",38,0,0,,0,,,22,22,,,,,,,,,2099/12/31,"auto_crt",0,"fe80::442f:5ae8:6e40:d61e%13",2013/07/12 23:22:36,2013/07/12 23:22:36
2167,"chilscreen_screen_id",6,1,1,999,,,,132,"number",38,0,0,,0,,,22,22,,,,,,,,,2099/12/31,"auto_crt",0,"fe80::442f:5ae8:6e40:d61e%13",2013/07/12 23:22:36,2013/07/12 23:22:36
2168,"screen_tcode",6,1,0,10,1,1,0,180,"varchar2",0,0,0,0,1,0,0,30,30,,0,0,0,,,,,2099/12/31,"auto_crt",0,"fe80::442f:5ae8:6e40:d61e%13",2013/07/12 23:22:36,2013/07/12 23:29:24
2169,"screen_tcode_view",6,1,0,999,,,,180,"varchar2",,,0,,,,,30,30,,,,,,,,,2099/12/31,"auto_crt",0,"fe80::442f:5ae8:6e40:d61e%13",2013/07/12 23:22:36,2013/07/12 23:22:36
2170,"screen_strselect",6,1,0,999,,,,300,"textarea",,,0,,,,,4000,4000,,,10,80,,,,,2099/12/31,"auto_crt",0,"fe80::442f:5ae8:6e40:d61e%13",2013/07/12 23:22:36,2013/07/12 23:22:36
2171,"screen_strwhere",6,1,0,999,,,,300,"textarea",,,0,,,,,4000,4000,,,10,80,,,,,2099/12/31,"auto_crt",0,"fe80::442f:5ae8:6e40:d61e%13",2013/07/12 23:22:36,2013/07/12 23:22:36
2172,"screen_strgrouporder",6,1,0,999,,,,300,"textarea",,,0,,,,,4000,4000,,,10,80,,,,,2099/12/31,"auto_crt",0,"fe80::442f:5ae8:6e40:d61e%13",2013/07/12 23:22:36,2013/07/12 23:22:36
2173,"screen_ymlcode",6,1,0,999,,,,300,"textarea",,,0,,,,,4000,4000,,,10,80,,,,,2099/12/31,"auto_crt",0,"fe80::442f:5ae8:6e40:d61e%13",2013/07/12 23:22:36,2013/07/12 23:22:36
2174,"screen_cdrflayout",6,1,0,999,,,,60,"varchar2",,,0,,,,,10,10,,,,,,,,,2099/12/31,"auto_crt",0,"fe80::442f:5ae8:6e40:d61e%13",2013/07/12 23:22:36,2013/07/12 23:22:36
2175,"screen_remark",6,1,0,999,,,,300,"textarea",,,0,,,,,200,200,,,2,80,,,,,2099/12/31,"auto_crt",0,"fe80::442f:5ae8:6e40:d61e%13",2013/07/12 23:22:36,2013/07/12 23:22:36
2176,"chilscreen_screen_id_chil",6,1,1,999,,,,132,"number",38,0,0,,0,,,22,22,,,,,,,,,2099/12/31,"auto_crt",0,"fe80::442f:5ae8:6e40:d61e%13",2013/07/12 23:22:36,2013/07/12 23:22:36
2177,"screen_tcode_chil",6,1,0,20,2,1,0,180,"varchar2",0,0,0,0,1,0,0,30,30,,0,0,0,,,,,2099/12/31,"auto_crt",0,"fe80::442f:5ae8:6e40:d61e%13",2013/07/12 23:22:36,2013/07/12 23:29:37
2178,"screen_tcode_view_chil",6,1,0,999,,,,180,"varchar2",,,0,,,,,30,30,,,,,,,,,2099/12/31,"auto_crt",0,"fe80::442f:5ae8:6e40:d61e%13",2013/07/12 23:22:36,2013/07/12 23:22:36
2179,"screen_strselect_chil",6,1,0,999,,,,300,"textarea",,,0,,,,,4000,4000,,,10,80,,,,,2099/12/31,"auto_crt",0,"fe80::442f:5ae8:6e40:d61e%13",2013/07/12 23:22:36,2013/07/12 23:22:36
2180,"screen_strwhere_chil",6,1,0,999,,,,300,"textarea",,,0,,,,,4000,4000,,,10,80,,,,,2099/12/31,"auto_crt",0,"fe80::442f:5ae8:6e40:d61e%13",2013/07/12 23:22:36,2013/07/12 23:22:36
2181,"screen_strgrouporder_chil",6,1,0,999,,,,300,"textarea",,,0,,,,,4000,4000,,,10,80,,,,,2099/12/31,"auto_crt",0,"fe80::442f:5ae8:6e40:d61e%13",2013/07/12 23:22:36,2013/07/12 23:22:36
2182,"screen_ymlcode_chil",6,1,0,999,,,,300,"textarea",,,0,,,,,4000,4000,,,10,80,,,,,2099/12/31,"auto_crt",0,"fe80::442f:5ae8:6e40:d61e%13",2013/07/12 23:22:37,2013/07/12 23:22:37
2183,"screen_cdrflayout_chil",6,1,0,999,,,,60,"varchar2",,,0,,,,,10,10,,,,,,,,,2099/12/31,"auto_crt",0,"fe80::442f:5ae8:6e40:d61e%13",2013/07/12 23:22:37,2013/07/12 23:22:37
2184,"screen_remark_chil",6,1,0,999,,,,300,"textarea",,,0,,,,,200,200,,,2,80,,,,,2099/12/31,"auto_crt",0,"fe80::442f:5ae8:6e40:d61e%13",2013/07/12 23:22:37,2013/07/12 23:22:37
2185,"chilscreen_expiredate",6,1,0,30,3,1,0,60,"date",0,0,0,0,1,0,0,10,7,,0,0,0,,,,,2099/12/31,"auto_crt",0,"fe80::442f:5ae8:6e40:d61e%13",2013/07/12 23:22:37,2013/07/12 23:27:16
2186,"chilscreen_remark",6,1,0,40,4,1,0,300,"textarea",0,0,0,0,1,0,0,200,200,,0,2,80,,,,,2099/12/31,"auto_crt",0,"fe80::442f:5ae8:6e40:d61e%13",2013/07/12 23:22:37,2013/07/12 23:27:36
2187,"chilscreen_person_id_upd",6,1,1,999,,,,60,"number",38,0,0,,0,,,22,22,,,,,,,,,2099/12/31,"auto_crt",0,"fe80::442f:5ae8:6e40:d61e%13",2013/07/12 23:22:37,2013/07/12 23:22:37
2188,"person_code_upd",6,1,0,999,,,,60,"varchar2",,,0,,,,,10,10,,,,,,,,,2099/12/31,"auto_crt",0,"fe80::442f:5ae8:6e40:d61e%13",2013/07/12 23:22:37,2013/07/12 23:22:37
2189,"person_name_upd",6,1,0,999,,,,60,"varchar2",,,0,,,,,50,50,,,,,,,,,2099/12/31,"auto_crt",0,"fe80::442f:5ae8:6e40:d61e%13",2013/07/12 23:22:37,2013/07/12 23:22:37
2190,"person_email_upd",6,1,0,999,,,,60,"varchar2",,,0,,,,,50,50,,,,,,,,,2099/12/31,"auto_crt",0,"fe80::442f:5ae8:6e40:d61e%13",2013/07/12 23:22:37,2013/07/12 23:22:37
2191,"person_remark_upd",6,1,0,999,,,,60,"varchar2",,,0,,,,,100,100,,,,,,,,,2099/12/31,"auto_crt",0,"fe80::442f:5ae8:6e40:d61e%13",2013/07/12 23:22:37,2013/07/12 23:22:37
2192,"usergroup_code_upd",6,1,0,999,,,,60,"varchar2",,,0,,,,,30,30,,,,,,,,,2099/12/31,"auto_crt",0,"fe80::442f:5ae8:6e40:d61e%13",2013/07/12 23:22:37,2013/07/12 23:22:37
2193,"usergroup_name_upd",6,1,0,999,,,,60,"varchar2",,,0,,,,,20,20,,,,,,,,,2099/12/31,"auto_crt",0,"fe80::442f:5ae8:6e40:d61e%13",2013/07/12 23:22:37,2013/07/12 23:22:37
2194,"chilscreen_update_ip",6,1,0,999,,,,60,"varchar2",,,0,,0,,,40,40,,,,,,,,,2099/12/31,"auto_crt",0,"fe80::442f:5ae8:6e40:d61e%13",2013/07/12 23:22:37,2013/07/12 23:22:37
2195,"chilscreen_created_at",6,1,0,999,,,,60,"date",,,0,,0,,,10,7,,,,,,,,,2099/12/31,"auto_crt",0,"fe80::442f:5ae8:6e40:d61e%13",2013/07/12 23:22:37,2013/07/12 23:22:37
2196,"chilscreen_updated_at",6,1,0,999,,,,60,"date",,,0,,0,,,10,7,,,,,,,,,2099/12/31,"auto_crt",0,"fe80::442f:5ae8:6e40:d61e%13",2013/07/12 23:22:37,2013/07/12 23:22:37
2201,"id",22,1,1,999,,,,132,"number",38,0,0,,,,,22,22,,,,,,,,,2099/12/31,"auto_crt",0,"fe80::442f:5ae8:6e40:d61e%13",2013/07/13 14:49:18,2013/07/13 14:49:18
2202,"pobjgrp_id",22,1,1,999,,,,132,"number",38,0,0,,0,,,22,22,,,,,,,,,2099/12/31,"auto_crt",0,"fe80::442f:5ae8:6e40:d61e%13",2013/07/13 14:49:18,2013/07/13 14:49:18
2203,"pobjgrp_pobject_id",22,1,1,999,,,,132,"number",38,0,0,,0,,,22,22,,,,,,,,,2099/12/31,"auto_crt",0,"fe80::442f:5ae8:6e40:d61e%13",2013/07/13 14:49:18,2013/07/13 14:49:18
2205,"pobject_tcode",22,1,0,5,1,1,0,180,"varchar2",0,0,0,0,1,0,0,30,30,,0,0,0,,,,,2099/12/31,"auto_crt",0,"fe80::442f:5ae8:6e40:d61e%13",2013/07/13 14:49:18,2013/07/13 15:11:23
2206,"pobject_contens",22,1,0,999,,,,300,"textarea",,,0,,,,,200,200,,,2,80,,,,,2099/12/31,"auto_crt",0,"fe80::442f:5ae8:6e40:d61e%13",2013/07/13 14:49:18,2013/07/13 14:49:18
2207,"pobject_remark",22,1,0,999,,,,300,"textarea",,,0,,,,,200,200,,,2,80,,,,,2099/12/31,"auto_crt",0,"fe80::442f:5ae8:6e40:d61e%13",2013/07/13 14:49:18,2013/07/13 14:49:18
2208,"pobject_rubycode",22,1,0,999,,,,300,"textarea",,,0,,,,,4000,4000,,,10,80,,,,,2099/12/31,"auto_crt",0,"fe80::442f:5ae8:6e40:d61e%13",2013/07/13 14:49:18,2013/07/13 14:49:18
2209,"pobjgrp_usergroup_id",22,1,1,999,,,,132,"number",38,0,0,,0,,,22,22,,,,,,,,,2099/12/31,"auto_crt",0,"fe80::442f:5ae8:6e40:d61e%13",2013/07/13 14:49:18,2013/07/13 14:49:18
2212,"usergroup_remark",22,1,0,999,,,,300,"varchar2",,,0,,,,,100,100,,,,,,,,,2099/12/31,"auto_crt",0,"fe80::442f:5ae8:6e40:d61e%13",2013/07/13 14:49:18,2013/07/13 14:49:18
2214,"pobjgrp_remark",22,1,0,888,3,1,,300,"textarea",,,0,,1,,,200,200,,,2,80,,,,,2099/12/31,"auto_crt",0,"fe80::442f:5ae8:6e40:d61e%13",2013/07/13 14:49:18,2013/07/13 14:49:18
2215,"pobjgrp_person_id_upd",22,1,1,999,,,,60,"number",38,0,0,,0,,,22,22,,,,,,,,,2099/12/31,"auto_crt",0,"fe80::442f:5ae8:6e40:d61e%13",2013/07/13 14:49:18,2013/07/13 14:49:18
2216,"person_code_upd",22,1,0,999,,,,60,"varchar2",,,0,,,,,10,10,,,,,,,,,2099/12/31,"auto_crt",0,"fe80::442f:5ae8:6e40:d61e%13",2013/07/13 14:49:18,2013/07/13 14:49:18
2217,"person_name_upd",22,1,0,999,,,,60,"varchar2",,,0,,,,,50,50,,,,,,,,,2099/12/31,"auto_crt",0,"fe80::442f:5ae8:6e40:d61e%13",2013/07/13 14:49:18,2013/07/13 14:49:18
2218,"person_email_upd",22,1,0,999,,,,60,"varchar2",,,0,,,,,50,50,,,,,,,,,2099/12/31,"auto_crt",0,"fe80::442f:5ae8:6e40:d61e%13",2013/07/13 14:49:18,2013/07/13 14:49:18
2219,"person_remark_upd",22,1,0,999,,,,60,"varchar2",,,0,,,,,100,100,,,,,,,,,2099/12/31,"auto_crt",0,"fe80::442f:5ae8:6e40:d61e%13",2013/07/13 14:49:18,2013/07/13 14:49:18
2220,"usergroup_code_upd",22,1,0,999,,,,60,"varchar2",,,0,,,,,30,30,,,,,,,,,2099/12/31,"auto_crt",0,"fe80::442f:5ae8:6e40:d61e%13",2013/07/13 14:49:18,2013/07/13 14:49:18
2221,"usergroup_name_upd",22,1,0,999,,,,60,"varchar2",,,0,,,,,20,20,,,,,,,,,2099/12/31,"auto_crt",0,"fe80::442f:5ae8:6e40:d61e%13",2013/07/13 14:49:18,2013/07/13 14:49:18
2222,"pobjgrp_update_ip",22,1,0,999,,,,60,"varchar2",,,0,,0,,,40,40,,,,,,,,,2099/12/31,"auto_crt",0,"fe80::442f:5ae8:6e40:d61e%13",2013/07/13 14:49:18,2013/07/13 14:49:18
2223,"pobjgrp_created_at",22,1,0,999,,,,60,"date",,,0,,0,,,10,7,,,,,,,,,2099/12/31,"auto_crt",0,"fe80::442f:5ae8:6e40:d61e%13",2013/07/13 14:49:18,2013/07/13 14:49:18
2224,"pobjgrp_expiredate",22,1,0,888,4,1,,60,"date",,,0,,1,,,10,7,,,,,,,,,2099/12/31,"auto_crt",0,"fe80::442f:5ae8:6e40:d61e%13",2013/07/13 14:49:18,2013/07/13 14:49:18
2225,"pobjgrp_updated_at",22,1,0,999,,,,60,"date",,,0,,0,,,10,7,,,,,,,,,2099/12/31,"auto_crt",0,"fe80::442f:5ae8:6e40:d61e%13",2013/07/13 14:49:18,2013/07/13 14:49:18
2226,"id",5,1,1,999,,,,132,"number",38,0,0,,,,,22,22,,,,,,,,,2099/12/31,"auto_crt",0,"fe80::442f:5ae8:6e40:d61e%13",2013/07/13 16:01:26,2013/07/13 16:01:26
2227,"button_id",5,1,1,999,,,,132,"number",38,0,0,,0,,,22,22,,,,,,,,,2099/12/31,"auto_crt",0,"fe80::442f:5ae8:6e40:d61e%13",2013/07/13 16:01:26,2013/07/13 16:01:26
2228,"button_screen_id",5,1,1,999,,,,132,"number",38,0,0,,0,,,22,22,,,,,,,,,2099/12/31,"auto_crt",0,"fe80::442f:5ae8:6e40:d61e%13",2013/07/13 16:01:26,2013/07/13 16:01:26
2229,"screen_tcode",5,1,0,999,,,,180,"varchar2",,,0,,,,,30,30,,,,,,,,,2099/12/31,"auto_crt",0,"fe80::442f:5ae8:6e40:d61e%13",2013/07/13 16:01:26,2013/07/13 16:01:26
2230,"screen_tcode_view",5,1,0,999,,,,180,"varchar2",,,0,,,,,30,30,,,,,,,,,2099/12/31,"auto_crt",0,"fe80::442f:5ae8:6e40:d61e%13",2013/07/13 16:01:26,2013/07/13 16:01:26
2231,"screen_strselect",5,1,0,999,,,,300,"textarea",,,0,,,,,4000,4000,,,10,80,,,,,2099/12/31,"auto_crt",0,"fe80::442f:5ae8:6e40:d61e%13",2013/07/13 16:01:26,2013/07/13 16:01:26
2232,"screen_strwhere",5,1,0,999,,,,300,"textarea",,,0,,,,,4000,4000,,,10,80,,,,,2099/12/31,"auto_crt",0,"fe80::442f:5ae8:6e40:d61e%13",2013/07/13 16:01:26,2013/07/13 16:01:26
2233,"screen_strgrouporder",5,1,0,999,,,,300,"textarea",,,0,,,,,4000,4000,,,10,80,,,,,2099/12/31,"auto_crt",0,"fe80::442f:5ae8:6e40:d61e%13",2013/07/13 16:01:26,2013/07/13 16:01:26
2234,"screen_ymlcode",5,1,0,999,,,,300,"textarea",,,0,,,,,4000,4000,,,10,80,,,,,2099/12/31,"auto_crt",0,"fe80::442f:5ae8:6e40:d61e%13",2013/07/13 16:01:26,2013/07/13 16:01:26
2235,"screen_cdrflayout",5,1,0,999,,,,60,"varchar2",,,0,,,,,10,10,,,,,,,,,2099/12/31,"auto_crt",0,"fe80::442f:5ae8:6e40:d61e%13",2013/07/13 16:01:26,2013/07/13 16:01:26
2236,"screen_remark",5,1,0,999,,,,300,"textarea",,,0,,,,,200,200,,,2,80,,,,,2099/12/31,"auto_crt",0,"fe80::442f:5ae8:6e40:d61e%13",2013/07/13 16:01:26,2013/07/13 16:01:26
2237,"button_icon",5,1,0,888,1,1,,60,"varchar2",,,0,,1,,,10,10,,,,,,,,,2099/12/31,"auto_crt",0,"fe80::442f:5ae8:6e40:d61e%13",2013/07/13 16:01:26,2013/07/13 16:01:26
2238,"button_title",5,1,0,888,2,1,,300,"varchar2",,,0,,1,,,50,50,,,,,,,,,2099/12/31,"auto_crt",0,"fe80::442f:5ae8:6e40:d61e%13",2013/07/13 16:01:26,2013/07/13 16:01:26
2239,"button_proc",5,1,0,888,3,1,,60,"varchar2",,,0,,1,,,10,10,,,,,,,,,2099/12/31,"auto_crt",0,"fe80::442f:5ae8:6e40:d61e%13",2013/07/13 16:01:26,2013/07/13 16:01:26
2240,"button_expiredate",5,1,0,888,4,1,,60,"date",,,0,,1,,,10,7,,,,,,,,,2099/12/31,"auto_crt",0,"fe80::442f:5ae8:6e40:d61e%13",2013/07/13 16:01:26,2013/07/13 16:01:26
2241,"button_remark",5,1,0,888,5,1,,300,"textarea",,,0,,1,,,200,200,,,2,80,,,,,2099/12/31,"auto_crt",0,"fe80::442f:5ae8:6e40:d61e%13",2013/07/13 16:01:26,2013/07/13 16:01:26
2242,"button_person_id_upd",5,1,1,999,,,,60,"number",38,0,0,,0,,,22,22,,,,,,,,,2099/12/31,"auto_crt",0,"fe80::442f:5ae8:6e40:d61e%13",2013/07/13 16:01:26,2013/07/13 16:01:26
2243,"person_code_upd",5,1,0,999,,,,60,"varchar2",,,0,,,,,10,10,,,,,,,,,2099/12/31,"auto_crt",0,"fe80::442f:5ae8:6e40:d61e%13",2013/07/13 16:01:26,2013/07/13 16:01:26
2244,"person_name_upd",5,1,0,999,,,,60,"varchar2",,,0,,,,,50,50,,,,,,,,,2099/12/31,"auto_crt",0,"fe80::442f:5ae8:6e40:d61e%13",2013/07/13 16:01:26,2013/07/13 16:01:26
2245,"person_email_upd",5,1,0,999,,,,60,"varchar2",,,0,,,,,50,50,,,,,,,,,2099/12/31,"auto_crt",0,"fe80::442f:5ae8:6e40:d61e%13",2013/07/13 16:01:26,2013/07/13 16:01:26
2246,"person_remark_upd",5,1,0,999,,,,60,"varchar2",,,0,,,,,100,100,,,,,,,,,2099/12/31,"auto_crt",0,"fe80::442f:5ae8:6e40:d61e%13",2013/07/13 16:01:26,2013/07/13 16:01:26
2247,"usergroup_code_upd",5,1,0,999,,,,60,"varchar2",,,0,,,,,30,30,,,,,,,,,2099/12/31,"auto_crt",0,"fe80::442f:5ae8:6e40:d61e%13",2013/07/13 16:01:26,2013/07/13 16:01:26
2248,"usergroup_name_upd",5,1,0,999,,,,60,"varchar2",,,0,,,,,20,20,,,,,,,,,2099/12/31,"auto_crt",0,"fe80::442f:5ae8:6e40:d61e%13",2013/07/13 16:01:26,2013/07/13 16:01:26
2249,"button_update_ip",5,1,0,999,,,,60,"varchar2",,,0,,0,,,40,40,,,,,,,,,2099/12/31,"auto_crt",0,"fe80::442f:5ae8:6e40:d61e%13",2013/07/13 16:01:26,2013/07/13 16:01:26
2250,"button_created_at",5,1,0,999,,,,60,"date",,,0,,0,,,10,7,,,,,,,,,2099/12/31,"auto_crt",0,"fe80::442f:5ae8:6e40:d61e%13",2013/07/13 16:01:26,2013/07/13 16:01:26
2251,"button_updated_at",5,1,0,999,,,,60,"date",,,0,,0,,,10,7,,,,,,,,,2099/12/31,"auto_crt",0,"fe80::442f:5ae8:6e40:d61e%13",2013/07/13 16:01:26,2013/07/13 16:01:26
2261,"id",21,1,1,999,,,,132,"number",38,0,0,,,,,22,22,,,,,,,,,2099/12/31,"auto_crt",0,"fe80::51d4:5a75:329:629a%16",2013/07/15 19:50:55,2013/07/15 19:50:55
2262,"pobject_id",21,1,1,999,,,,132,"number",38,0,0,,0,,,22,22,,,,,,,,,2099/12/31,"auto_crt",0,"fe80::51d4:5a75:329:629a%16",2013/07/15 19:50:55,2013/07/15 19:50:55
2263,"pobject_objecttype",21,1,0,888,1,1,,114,"varchar2",,,0,,1,,,19,19,,,,,,,,,2099/12/31,"auto_crt",0,"fe80::51d4:5a75:329:629a%16",2013/07/15 19:50:55,2013/07/15 19:50:55
2264,"pobject_tcode",21,1,0,888,2,1,,180,"varchar2",,,0,,1,,,30,30,,,,,,,,,2099/12/31,"auto_crt",0,"fe80::51d4:5a75:329:629a%16",2013/07/15 19:50:55,2013/07/15 19:50:55
2265,"pobject_contens",21,1,0,888,3,1,,300,"textarea",,,0,,1,,,200,200,,,2,80,,,,,2099/12/31,"auto_crt",0,"fe80::51d4:5a75:329:629a%16",2013/07/15 19:50:55,2013/07/15 19:50:55
2266,"pobject_remark",21,1,0,888,4,1,,300,"textarea",,,0,,1,,,200,200,,,2,80,,,,,2099/12/31,"auto_crt",0,"fe80::51d4:5a75:329:629a%16",2013/07/15 19:50:56,2013/07/15 19:50:56
2267,"pobject_rubycode",21,1,0,888,5,1,,300,"textarea",,,0,,1,,,4000,4000,,,10,80,,,,,2099/12/31,"auto_crt",0,"fe80::51d4:5a75:329:629a%16",2013/07/15 19:50:56,2013/07/15 19:50:56
2268,"pobject_person_id_upd",21,1,1,999,,,,60,"number",38,0,0,,0,,,22,22,,,,,,,,,2099/12/31,"auto_crt",0,"fe80::51d4:5a75:329:629a%16",2013/07/15 19:50:56,2013/07/15 19:50:56
2269,"person_code_upd",21,1,0,999,,,,60,"varchar2",,,0,,,,,10,10,,,,,,,,,2099/12/31,"auto_crt",0,"fe80::51d4:5a75:329:629a%16",2013/07/15 19:50:56,2013/07/15 19:50:56
2270,"person_name_upd",21,1,0,999,,,,60,"varchar2",,,0,,,,,50,50,,,,,,,,,2099/12/31,"auto_crt",0,"fe80::51d4:5a75:329:629a%16",2013/07/15 19:50:56,2013/07/15 19:50:56
2271,"person_email_upd",21,1,0,999,,,,60,"varchar2",,,0,,,,,50,50,,,,,,,,,2099/12/31,"auto_crt",0,"fe80::51d4:5a75:329:629a%16",2013/07/15 19:50:56,2013/07/15 19:50:56
2272,"person_remark_upd",21,1,0,999,,,,60,"varchar2",,,0,,,,,100,100,,,,,,,,,2099/12/31,"auto_crt",0,"fe80::51d4:5a75:329:629a%16",2013/07/15 19:50:56,2013/07/15 19:50:56
2273,"usergroup_code_upd",21,1,0,999,,,,60,"varchar2",,,0,,,,,30,30,,,,,,,,,2099/12/31,"auto_crt",0,"fe80::51d4:5a75:329:629a%16",2013/07/15 19:50:56,2013/07/15 19:50:56
2274,"usergroup_name_upd",21,1,0,999,,,,60,"varchar2",,,0,,,,,20,20,,,,,,,,,2099/12/31,"auto_crt",0,"fe80::51d4:5a75:329:629a%16",2013/07/15 19:50:56,2013/07/15 19:50:56
2275,"pobject_update_ip",21,1,0,999,,,,60,"varchar2",,,0,,0,,,40,40,,,,,,,,,2099/12/31,"auto_crt",0,"fe80::51d4:5a75:329:629a%16",2013/07/15 19:50:56,2013/07/15 19:50:56
2276,"pobject_created_at",21,1,0,999,,,,60,"date",,,0,,0,,,10,7,,,,,,,,,2099/12/31,"auto_crt",0,"fe80::51d4:5a75:329:629a%16",2013/07/15 19:50:56,2013/07/15 19:50:56
2277,"pobject_expiredate",21,1,0,888,6,1,,60,"date",,,0,,1,,,10,7,,,,,,,,,2099/12/31,"auto_crt",0,"fe80::51d4:5a75:329:629a%16",2013/07/15 19:50:56,2013/07/15 19:50:56
2278,"pobject_updated_at",21,1,0,999,,,,60,"date",,,0,,0,,,10,7,,,,,,,,,2099/12/31,"auto_crt",0,"fe80::51d4:5a75:329:629a%16",2013/07/15 19:50:57,2013/07/15 19:50:57
2279,"loca_prfct_custs",11,1,0,999,,,,120,"varchar2",,,0,,,,,20,20,,,,,,,,,2099/12/31,"auto_crt",0,"fe80::51d4:5a75:329:629a%16",2013/07/15 20:37:22,2013/07/15 20:37:22
2280,"loca_addr1_custs",11,1,0,999,,,,300,"varchar2",,,0,,,,,50,50,,,,,,,,,2099/12/31,"auto_crt",0,"fe80::51d4:5a75:329:629a%16",2013/07/15 20:37:22,2013/07/15 20:37:22
2281,"loca_addr2_custs",11,1,0,999,,,,300,"varchar2",,,0,,,,,50,50,,,,,,,,,2099/12/31,"auto_crt",0,"fe80::51d4:5a75:329:629a%16",2013/07/15 20:37:22,2013/07/15 20:37:22
2282,"loca_tel_custs",11,1,0,999,,,,120,"varchar2",,,0,,,,,20,20,,,,,,,,,2099/12/31,"auto_crt",0,"fe80::51d4:5a75:329:629a%16",2013/07/15 20:37:22,2013/07/15 20:37:22
2283,"loca_fax_custs",11,1,0,999,,,,120,"varchar2",,,0,,,,,20,20,,,,,,,,,2099/12/31,"auto_crt",0,"fe80::51d4:5a75:329:629a%16",2013/07/15 20:37:22,2013/07/15 20:37:22
2284,"loca_mail_custs",11,1,0,999,,,,120,"varchar2",,,0,,,,,20,20,,,,,,,,,2099/12/31,"auto_crt",0,"fe80::51d4:5a75:329:629a%16",2013/07/15 20:37:22,2013/07/15 20:37:22
2285,"loca_remark_custs",11,1,0,999,,,,300,"varchar2",,,0,,,,,100,100,,,,,,,,,2099/12/31,"auto_crt",0,"fe80::51d4:5a75:329:629a%16",2013/07/15 20:37:22,2013/07/15 20:37:22
2286,"cust_loca_id_billings",11,1,1,999,,,,132,"number",38,0,0,,0,,,22,22,,,,,,,,,2099/12/31,"auto_crt",0,"fe80::51d4:5a75:329:629a%16",2013/07/15 20:37:22,2013/07/15 20:37:22
2287,"loca_code_billings",11,1,0,999,1,1,,240,"varchar2",,,1,,1,,,40,40,,,,,,,,,2099/12/31,"auto_crt",0,"fe80::51d4:5a75:329:629a%16",2013/07/15 20:37:22,2013/07/15 20:37:22
2288,"loca_name_billings",11,1,0,999,1,2,,300,"varchar2",,,1,,1,,,100,100,,,,,,,,,2099/12/31,"auto_crt",0,"fe80::51d4:5a75:329:629a%16",2013/07/15 20:37:22,2013/07/15 20:37:22
2289,"loca_abbr_billings",11,1,0,999,,,,300,"varchar2",,,0,,,,,50,50,,,,,,,,,2099/12/31,"auto_crt",0,"fe80::51d4:5a75:329:629a%16",2013/07/15 20:37:22,2013/07/15 20:37:22
2290,"loca_zip_billings",11,1,0,999,,,,60,"varchar2",,,0,,,,,10,10,,,,,,,,,2099/12/31,"auto_crt",0,"fe80::51d4:5a75:329:629a%16",2013/07/15 20:37:23,2013/07/15 20:37:23
2291,"loca_country_billings",11,1,0,999,,,,120,"varchar2",,,0,,,,,20,20,,,,,,,,,2099/12/31,"auto_crt",0,"fe80::51d4:5a75:329:629a%16",2013/07/15 20:37:23,2013/07/15 20:37:23
2292,"loca_prfct_billings",11,1,0,999,,,,120,"varchar2",,,0,,,,,20,20,,,,,,,,,2099/12/31,"auto_crt",0,"fe80::51d4:5a75:329:629a%16",2013/07/15 20:37:23,2013/07/15 20:37:23
2293,"loca_addr1_billings",11,1,0,999,,,,300,"varchar2",,,0,,,,,50,50,,,,,,,,,2099/12/31,"auto_crt",0,"fe80::51d4:5a75:329:629a%16",2013/07/15 20:37:23,2013/07/15 20:37:23
2294,"loca_addr2_billings",11,1,0,999,,,,300,"varchar2",,,0,,,,,50,50,,,,,,,,,2099/12/31,"auto_crt",0,"fe80::51d4:5a75:329:629a%16",2013/07/15 20:37:23,2013/07/15 20:37:23
2295,"loca_tel_billings",11,1,0,999,,,,120,"varchar2",,,0,,,,,20,20,,,,,,,,,2099/12/31,"auto_crt",0,"fe80::51d4:5a75:329:629a%16",2013/07/15 20:37:23,2013/07/15 20:37:23
2296,"loca_fax_billings",11,1,0,999,,,,120,"varchar2",,,0,,,,,20,20,,,,,,,,,2099/12/31,"auto_crt",0,"fe80::51d4:5a75:329:629a%16",2013/07/15 20:37:23,2013/07/15 20:37:23
2297,"loca_mail_billings",11,1,0,999,,,,120,"varchar2",,,0,,,,,20,20,,,,,,,,,2099/12/31,"auto_crt",0,"fe80::51d4:5a75:329:629a%16",2013/07/15 20:37:23,2013/07/15 20:37:23
2298,"loca_remark_billings",11,1,0,999,,,,300,"varchar2",,,0,,,,,100,100,,,,,,,,,2099/12/31,"auto_crt",0,"fe80::51d4:5a75:329:629a%16",2013/07/15 20:37:23,2013/07/15 20:37:23
2299,"cust_personnameofcust",11,1,0,888,2,1,,180,"varchar2",,,0,,1,,,30,30,,,,,,,,,2099/12/31,"auto_crt",0,"fe80::51d4:5a75:329:629a%16",2013/07/15 20:37:23,2013/07/15 20:37:23
2300,"cust_person_id_chrg",11,1,1,999,,,,132,"number",38,0,0,,0,,,22,22,,,,,,,,,2099/12/31,"auto_crt",0,"fe80::51d4:5a75:329:629a%16",2013/07/15 20:37:23,2013/07/15 20:37:23
2301,"person_code_chrg",11,1,0,999,3,1,,60,"varchar2",,,1,,1,,,10,10,,,,,,,,,2099/12/31,"auto_crt",0,"fe80::51d4:5a75:329:629a%16",2013/07/15 20:37:24,2013/07/15 20:37:24
2302,"person_name_chrg",11,1,0,999,3,2,,300,"varchar2",,,1,,1,,,50,50,,,,,,,,,2099/12/31,"auto_crt",0,"fe80::51d4:5a75:329:629a%16",2013/07/15 20:37:24,2013/07/15 20:37:24
2303,"person_email_chrg",11,1,0,999,,,,300,"varchar2",,,0,,,,,50,50,,,,,,,,,2099/12/31,"auto_crt",0,"fe80::51d4:5a75:329:629a%16",2013/07/15 20:37:24,2013/07/15 20:37:24
2304,"person_remark_chrg",11,1,0,999,,,,300,"varchar2",,,0,,,,,100,100,,,,,,,,,2099/12/31,"auto_crt",0,"fe80::51d4:5a75:329:629a%16",2013/07/15 20:37:24,2013/07/15 20:37:24
2305,"usergroup_code_chrg",11,1,0,999,,,,180,"varchar2",,,0,,,,,30,30,,,,,,,,,2099/12/31,"auto_crt",0,"fe80::51d4:5a75:329:629a%16",2013/07/15 20:37:24,2013/07/15 20:37:24
2306,"usergroup_name_chrg",11,1,0,999,,,,120,"varchar2",,,0,,,,,20,20,,,,,,,,,2099/12/31,"auto_crt",0,"fe80::51d4:5a75:329:629a%16",2013/07/15 20:37:24,2013/07/15 20:37:24
2307,"cust_currency_id",11,1,1,999,,,,132,"number",38,0,0,,0,,,22,22,,,,,,,,,2099/12/31,"auto_crt",0,"fe80::51d4:5a75:329:629a%16",2013/07/15 20:37:24,2013/07/15 20:37:24
2308,"currency_code",11,1,0,999,4,1,,18,"varchar2",,,1,,1,,,3,3,,,,,,,,,2099/12/31,"auto_crt",0,"fe80::51d4:5a75:329:629a%16",2013/07/15 20:37:24,2013/07/15 20:37:24
2309,"currency_name",11,1,0,999,4,2,,60,"varchar2",,,1,,1,,,10,10,,,,,,,,,2099/12/31,"auto_crt",0,"fe80::51d4:5a75:329:629a%16",2013/07/15 20:37:24,2013/07/15 20:37:24
2310,"currency_pricedecimal",11,1,0,999,,,,132,"number",1,0,0,,,,,22,22,,,,,,,,,2099/12/31,"auto_crt",0,"fe80::51d4:5a75:329:629a%16",2013/07/15 20:37:24,2013/07/15 20:37:24
2311,"currency_amtdecimal",11,1,0,999,,,,132,"number",1,0,0,,,,,22,22,,,,,,,,,2099/12/31,"auto_crt",0,"fe80::51d4:5a75:329:629a%16",2013/07/15 20:37:24,2013/07/15 20:37:24
2312,"currency_remark",11,1,0,999,,,,300,"varchar2",,,0,,,,,100,100,,,,,,,,,2099/12/31,"auto_crt",0,"fe80::51d4:5a75:329:629a%16",2013/07/15 20:37:24,2013/07/15 20:37:24
2313,"cust_remark",11,1,0,888,5,1,,300,"varchar2",,,0,,1,,,100,100,,,,,,,,,2099/12/31,"auto_crt",0,"fe80::51d4:5a75:329:629a%16",2013/07/15 20:37:24,2013/07/15 20:37:24
2314,"cust_custtype",11,1,0,888,6,1,,6,"char",,,0,,1,,,1,1,,,,,,,,,2099/12/31,"auto_crt",0,"fe80::51d4:5a75:329:629a%16",2013/07/15 20:37:25,2013/07/15 20:37:25
2315,"cust_expiredate",11,1,0,888,7,1,,60,"date",,,0,,1,,,10,7,,,,,,,,,2099/12/31,"auto_crt",0,"fe80::51d4:5a75:329:629a%16",2013/07/15 20:37:25,2013/07/15 20:37:25
2316,"cust_person_id_upd",11,1,1,999,,,,60,"number",38,0,0,,0,,,22,22,,,,,,,,,2099/12/31,"auto_crt",0,"fe80::51d4:5a75:329:629a%16",2013/07/15 20:37:25,2013/07/15 20:37:25
2317,"person_code_upd",11,1,0,999,,,,60,"varchar2",,,0,,,,,10,10,,,,,,,,,2099/12/31,"auto_crt",0,"fe80::51d4:5a75:329:629a%16",2013/07/15 20:37:25,2013/07/15 20:37:25
2318,"person_name_upd",11,1,0,999,,,,60,"varchar2",,,0,,,,,50,50,,,,,,,,,2099/12/31,"auto_crt",0,"fe80::51d4:5a75:329:629a%16",2013/07/15 20:37:25,2013/07/15 20:37:25
2319,"person_email_upd",11,1,0,999,,,,60,"varchar2",,,0,,,,,50,50,,,,,,,,,2099/12/31,"auto_crt",0,"fe80::51d4:5a75:329:629a%16",2013/07/15 20:37:25,2013/07/15 20:37:25
2320,"person_remark_upd",11,1,0,999,,,,60,"varchar2",,,0,,,,,100,100,,,,,,,,,2099/12/31,"auto_crt",0,"fe80::51d4:5a75:329:629a%16",2013/07/15 20:37:25,2013/07/15 20:37:25
2321,"usergroup_code_upd",11,1,0,999,,,,60,"varchar2",,,0,,,,,30,30,,,,,,,,,2099/12/31,"auto_crt",0,"fe80::51d4:5a75:329:629a%16",2013/07/15 20:37:25,2013/07/15 20:37:25
2322,"usergroup_name_upd",11,1,0,999,,,,60,"varchar2",,,0,,,,,20,20,,,,,,,,,2099/12/31,"auto_crt",0,"fe80::51d4:5a75:329:629a%16",2013/07/15 20:37:25,2013/07/15 20:37:25
2323,"cust_update_ip",11,1,0,999,,,,60,"varchar2",,,0,,0,,,40,40,,,,,,,,,2099/12/31,"auto_crt",0,"fe80::51d4:5a75:329:629a%16",2013/07/15 20:37:25,2013/07/15 20:37:25
2324,"cust_created_at",11,1,0,999,,,,60,"date",,,0,,0,,,10,7,,,,,,,,,2099/12/31,"auto_crt",0,"fe80::51d4:5a75:329:629a%16",2013/07/15 20:37:25,2013/07/15 20:37:25
2325,"cust_updated_at",11,1,0,999,,,,60,"date",,,0,,0,,,10,7,,,,,,,,,2099/12/31,"auto_crt",0,"fe80::51d4:5a75:329:629a%16",2013/07/15 20:37:25,2013/07/15 20:37:25
2326,"id",11,1,1,999,,,,132,"number",38,0,0,,,,,22,22,,,,,,,,,2099/12/31,"auto_crt",0,"fe80::51d4:5a75:329:629a%16",2013/07/15 20:37:26,2013/07/15 20:37:26
2327,"cust_id",11,1,1,999,,,,132,"number",38,0,0,,0,,,22,22,,,,,,,,,2099/12/31,"auto_crt",0,"fe80::51d4:5a75:329:629a%16",2013/07/15 20:37:26,2013/07/15 20:37:26
2328,"cust_loca_id_custs",11,1,1,999,,,,132,"number",38,0,0,,0,,,22,22,,,,,,,,,2099/12/31,"auto_crt",0,"fe80::51d4:5a75:329:629a%16",2013/07/15 20:37:26,2013/07/15 20:37:26
2329,"loca_code_custs",11,1,0,999,8,1,,240,"varchar2",,,1,,1,,,40,40,,,,,,,,,2099/12/31,"auto_crt",0,"fe80::51d4:5a75:329:629a%16",2013/07/15 20:37:26,2013/07/15 20:37:26
2330,"loca_name_custs",11,1,0,999,8,2,,300,"varchar2",,,1,,1,,,100,100,,,,,,,,,2099/12/31,"auto_crt",0,"fe80::51d4:5a75:329:629a%16",2013/07/15 20:37:26,2013/07/15 20:37:26
2331,"loca_abbr_custs",11,1,0,999,,,,300,"varchar2",,,0,,,,,50,50,,,,,,,,,2099/12/31,"auto_crt",0,"fe80::51d4:5a75:329:629a%16",2013/07/15 20:37:26,2013/07/15 20:37:26
2332,"loca_zip_custs",11,1,0,999,,,,60,"varchar2",,,0,,,,,10,10,,,,,,,,,2099/12/31,"auto_crt",0,"fe80::51d4:5a75:329:629a%16",2013/07/15 20:37:26,2013/07/15 20:37:26
2333,"loca_country_custs",11,1,0,999,,,,120,"varchar2",,,0,,,,,20,20,,,,,,,,,2099/12/31,"auto_crt",0,"fe80::51d4:5a75:329:629a%16",2013/07/15 20:37:26,2013/07/15 20:37:26
